<?xml version="1.0" encoding="UTF-8"?>
<!DOCTYPE xliff SYSTEM "http://www.oasis-open.org/committees/xliff/documents/xliff.dtd">
<!-- XLIFF Format Copyright © OASIS Open 2001-2003 -->
<xliff version="1.0">
<file
 original="semide_last1/glossary_coverage"
 product-name="NaayaGlossary"
 product-version="1.1.x"
 datatype="plaintext"
 source-language="English"
 target-language="English"
 date="2006-06-15T12:44:05Z"
>
<body>
<trans-unit id="Albania" approved="1">
<source>Albania</source>
<target>Albania</target>
<context-group name="A">A</context-group>
<note></note>
</trans-unit>
<trans-unit id="Algeria" approved="1">
<source>Algeria</source>
<target>Algeria</target>
<context-group name="A">A</context-group>
<note></note>
</trans-unit>
<trans-unit id="Andorra" approved="1">
<source>Andorra</source>
<target>Andorra</target>
<context-group name="A">A</context-group>
<note></note>
</trans-unit>
<trans-unit id="Angola" approved="1">
<source>Angola</source>
<target>Angola</target>
<context-group name="A">A</context-group>
<note></note>
</trans-unit>
<trans-unit id="Argentina" approved="1">
<source>Argentina</source>
<target>Argentina</target>
<context-group name="A">A</context-group>
<note></note>
</trans-unit>
<trans-unit id="Australia" approved="1">
<source>Australia</source>
<target>Australia</target>
<context-group name="A">A</context-group>
<note></note>
</trans-unit>
<trans-unit id="Austria" approved="1">
<source>Austria</source>
<target>Austria</target>
<context-group name="A">A</context-group>
<note></note>
</trans-unit>
<trans-unit id="Bahrain" approved="1">
<source>Bahrain</source>
<target>Bahrain</target>
<context-group name="B">B</context-group>
<note></note>
</trans-unit>
<trans-unit id="Belarus" approved="1">
<source>Belarus</source>
<target>Belarus</target>
<context-group name="B">B</context-group>
<note></note>
</trans-unit>
<trans-unit id="Belgium" approved="1">
<source>Belgium</source>
<target>Belgium</target>
<context-group name="B">B</context-group>
<note></note>
</trans-unit>
<trans-unit id="Benin" approved="1">
<source>Benin</source>
<target>Benin</target>
<context-group name="B">B</context-group>
<note></note>
</trans-unit>
<trans-unit id="Bolivia" approved="1">
<source>Bolivia</source>
<target>Bolivia</target>
<context-group name="B">B</context-group>
<note></note>
</trans-unit>
<trans-unit id="Bosnia-Herzegovina" approved="1">
<source>Bosnia-Herzegovina</source>
<target>Bosnia-Herzegovina</target>
<context-group name="B">B</context-group>
<note></note>
</trans-unit>
<trans-unit id="Brazil" approved="1">
<source>Brazil</source>
<target>Brazil</target>
<context-group name="B">B</context-group>
<note></note>
</trans-unit>
<trans-unit id="Bulgaria" approved="1">
<source>Bulgaria</source>
<target>Bulgaria</target>
<context-group name="B">B</context-group>
<note></note>
</trans-unit>
<trans-unit id="Burkina Faso" approved="1">
<source>Burkina Faso</source>
<target>Burkina Faso</target>
<context-group name="B">B</context-group>
<note></note>
</trans-unit>
<trans-unit id="Cambodia" approved="1">
<source>Cambodia</source>
<target>Cambodia</target>
<context-group name="C">C</context-group>
<note></note>
</trans-unit>
<trans-unit id="Cameroon" approved="1">
<source>Cameroon</source>
<target>Cameroon</target>
<context-group name="C">C</context-group>
<note></note>
</trans-unit>
<trans-unit id="Canada" approved="1">
<source>Canada</source>
<target>Canada</target>
<context-group name="C">C</context-group>
<note></note>
</trans-unit>
<trans-unit id="Central African Republic" approved="1">
<source>Central African Republic</source>
<target>Central African Republic</target>
<context-group name="C">C</context-group>
<note></note>
</trans-unit>
<trans-unit id="Chad" approved="1">
<source>Chad</source>
<target>Chad</target>
<context-group name="C">C</context-group>
<note></note>
</trans-unit>
<trans-unit id="Chile" approved="1">
<source>Chile</source>
<target>Chile</target>
<context-group name="C">C</context-group>
<note></note>
</trans-unit>
<trans-unit id="China" approved="1">
<source>China</source>
<target>China</target>
<context-group name="C">C</context-group>
<note></note>
</trans-unit>
<trans-unit id="Colombia" approved="1">
<source>Colombia</source>
<target>Colombia</target>
<context-group name="C">C</context-group>
<note></note>
</trans-unit>
<trans-unit id="Congo" approved="1">
<source>Congo</source>
<target>Congo</target>
<context-group name="C">C</context-group>
<note></note>
</trans-unit>
<trans-unit id="Costa Rica" approved="1">
<source>Costa Rica</source>
<target>Costa Rica</target>
<context-group name="C">C</context-group>
<note></note>
</trans-unit>
<trans-unit id="Croatia" approved="1">
<source>Croatia</source>
<target>Croatia</target>
<context-group name="C">C</context-group>
<note></note>
</trans-unit>
<trans-unit id="Cuba" approved="1">
<source>Cuba</source>
<target>Cuba</target>
<context-group name="C">C</context-group>
<note></note>
</trans-unit>
<trans-unit id="Cyprus" approved="1">
<source>Cyprus</source>
<target>Cyprus</target>
<context-group name="C">C</context-group>
<note></note>
</trans-unit>
<trans-unit id="Czech Republic" approved="1">
<source>Czech Republic</source>
<target>Czech Republic</target>
<context-group name="C">C</context-group>
<note></note>
</trans-unit>
<trans-unit id="Denmark" approved="1">
<source>Denmark</source>
<target>Denmark</target>
<context-group name="D">D</context-group>
<note></note>
</trans-unit>
<trans-unit id="Djibouti" approved="1">
<source>Djibouti</source>
<target>Djibouti</target>
<context-group name="D">D</context-group>
<note></note>
</trans-unit>
<trans-unit id="Ecuador" approved="1">
<source>Ecuador</source>
<target>Ecuador</target>
<context-group name="E">E</context-group>
<note></note>
</trans-unit>
<trans-unit id="Egypt" approved="1">
<source>Egypt</source>
<target>Egypt</target>
<context-group name="E">E</context-group>
<note></note>
</trans-unit>
<trans-unit id="El Salvador" approved="1">
<source>El Salvador</source>
<target>El Salvador</target>
<context-group name="E">E</context-group>
<note></note>
</trans-unit>
<trans-unit id="Equatorial Guinea" approved="1">
<source>Equatorial Guinea</source>
<target>Equatorial Guinea</target>
<context-group name="E">E</context-group>
<note></note>
</trans-unit>
<trans-unit id="Estonia" approved="1">
<source>Estonia</source>
<target>Estonia</target>
<context-group name="E">E</context-group>
<note></note>
</trans-unit>
<trans-unit id="Ethiopia" approved="1">
<source>Ethiopia</source>
<target>Ethiopia</target>
<context-group name="E">E</context-group>
<note></note>
</trans-unit>
<trans-unit id="Finland" approved="1">
<source>Finland</source>
<target>Finland</target>
<context-group name="F">F</context-group>
<note></note>
</trans-unit>
<trans-unit id="France" approved="1">
<source>France</source>
<target>France</target>
<context-group name="F">F</context-group>
<note></note>
</trans-unit>
<trans-unit id="Gabon" approved="1">
<source>Gabon</source>
<target>Gabon</target>
<context-group name="G">G</context-group>
<note></note>
</trans-unit>
<trans-unit id="Gambia" approved="1">
<source>Gambia</source>
<target>Gambia</target>
<context-group name="G">G</context-group>
<note></note>
</trans-unit>
<trans-unit id="Georgia" approved="1">
<source>Georgia</source>
<target>Georgia</target>
<context-group name="G">G</context-group>
<note></note>
</trans-unit>
<trans-unit id="Germany" approved="1">
<source>Germany</source>
<target>Germany</target>
<context-group name="G">G</context-group>
<note></note>
</trans-unit>
<trans-unit id="Ghana" approved="1">
<source>Ghana</source>
<target>Ghana</target>
<context-group name="G">G</context-group>
<note></note>
</trans-unit>
<trans-unit id="Gibraltar" approved="1">
<source>Gibraltar</source>
<target>Gibraltar</target>
<context-group name="G">G</context-group>
<note></note>
</trans-unit>
<trans-unit id="Greece" approved="1">
<source>Greece</source>
<target>Greece</target>
<context-group name="G">G</context-group>
<note></note>
</trans-unit>
<trans-unit id="Guatemala" approved="1">
<source>Guatemala</source>
<target>Guatemala</target>
<context-group name="G">G</context-group>
<note></note>
</trans-unit>
<trans-unit id="Guinea" approved="1">
<source>Guinea</source>
<target>Guinea</target>
<context-group name="G">G</context-group>
<note></note>
</trans-unit>
<trans-unit id="Guinea Bissau" approved="1">
<source>Guinea Bissau</source>
<target>Guinea Bissau</target>
<context-group name="G">G</context-group>
<note></note>
</trans-unit>
<trans-unit id="Guyana" approved="1">
<source>Guyana</source>
<target>Guyana</target>
<context-group name="G">G</context-group>
<note></note>
</trans-unit>
<trans-unit id="Haiti" approved="1">
<source>Haiti</source>
<target>Haiti</target>
<context-group name="H">H</context-group>
<note></note>
</trans-unit>
<trans-unit id="Honduras" approved="1">
<source>Honduras</source>
<target>Honduras</target>
<context-group name="H">H</context-group>
<note></note>
</trans-unit>
<trans-unit id="Hungary" approved="1">
<source>Hungary</source>
<target>Hungary</target>
<context-group name="H">H</context-group>
<note></note>
</trans-unit>
<trans-unit id="Iceland" approved="1">
<source>Iceland</source>
<target>Iceland</target>
<context-group name="I">I</context-group>
<note></note>
</trans-unit>
<trans-unit id="India" approved="1">
<source>India</source>
<target>India</target>
<context-group name="I">I</context-group>
<note></note>
</trans-unit>
<trans-unit id="Indonesia" approved="1">
<source>Indonesia</source>
<target>Indonesia</target>
<context-group name="I">I</context-group>
<note></note>
</trans-unit>
<trans-unit id="Iran" approved="1">
<source>Iran</source>
<target>Iran</target>
<context-group name="I">I</context-group>
<note></note>
</trans-unit>
<trans-unit id="Iraq" approved="1">
<source>Iraq</source>
<target>Iraq</target>
<context-group name="I">I</context-group>
<note></note>
</trans-unit>
<trans-unit id="Ireland" approved="1">
<source>Ireland</source>
<target>Ireland</target>
<context-group name="I">I</context-group>
<note></note>
</trans-unit>
<trans-unit id="Israel" approved="1">
<source>Israel</source>
<target>Israel</target>
<context-group name="I">I</context-group>
<note></note>
</trans-unit>
<trans-unit id="Italy" approved="1">
<source>Italy</source>
<target>Italy</target>
<context-group name="I">I</context-group>
<note></note>
</trans-unit>
<trans-unit id="Ivory Coast" approved="1">
<source>Ivory Coast</source>
<target>Ivory Coast</target>
<context-group name="I">I</context-group>
<note></note>
</trans-unit>
<trans-unit id="Jamaica" approved="1">
<source>Jamaica</source>
<target>Jamaica</target>
<context-group name="J">J</context-group>
<note></note>
</trans-unit>
<trans-unit id="Japan" approved="1">
<source>Japan</source>
<target>Japan</target>
<context-group name="J">J</context-group>
<note></note>
</trans-unit>
<trans-unit id="Jordan" approved="1">
<source>Jordan</source>
<target>Jordan</target>
<context-group name="J">J</context-group>
<note></note>
</trans-unit>
<trans-unit id="Kazachstan" approved="1">
<source>Kazachstan</source>
<target>Kazachstan</target>
<context-group name="K">K</context-group>
<note></note>
</trans-unit>
<trans-unit id="Kenya" approved="1">
<source>Kenya</source>
<target>Kenya</target>
<context-group name="K">K</context-group>
<note></note>
</trans-unit>
<trans-unit id="Kirgistan" approved="1">
<source>Kirgistan</source>
<target>Kirgistan</target>
<context-group name="K">K</context-group>
<note></note>
</trans-unit>
<trans-unit id="Kuwait" approved="1">
<source>Kuwait</source>
<target>Kuwait</target>
<context-group name="K">K</context-group>
<note></note>
</trans-unit>
<trans-unit id="Laos" approved="1">
<source>Laos</source>
<target>Laos</target>
<context-group name="L">L</context-group>
<note></note>
</trans-unit>
<trans-unit id="Latvia" approved="1">
<source>Latvia</source>
<target>Latvia</target>
<context-group name="L">L</context-group>
<note></note>
</trans-unit>
<trans-unit id="Lebanon" approved="1">
<source>Lebanon</source>
<target>Lebanon</target>
<context-group name="L">L</context-group>
<note></note>
</trans-unit>
<trans-unit id="Lesotho" approved="1">
<source>Lesotho</source>
<target>Lesotho</target>
<context-group name="L">L</context-group>
<note></note>
</trans-unit>
<trans-unit id="Liberia" approved="1">
<source>Liberia</source>
<target>Liberia</target>
<context-group name="L">L</context-group>
<note></note>
</trans-unit>
<trans-unit id="Libya" approved="1">
<source>Libya</source>
<target>Libya</target>
<context-group name="L">L</context-group>
<note></note>
</trans-unit>
<trans-unit id="Liechtenstein" approved="1">
<source>Liechtenstein</source>
<target>Liechtenstein</target>
<context-group name="L">L</context-group>
<note></note>
</trans-unit>
<trans-unit id="Lithuania" approved="1">
<source>Lithuania</source>
<target>Lithuania</target>
<context-group name="L">L</context-group>
<note></note>
</trans-unit>
<trans-unit id="Luxembourg" approved="1">
<source>Luxembourg</source>
<target>Luxembourg</target>
<context-group name="L">L</context-group>
<note></note>
</trans-unit>
<trans-unit id="Madagascar" approved="1">
<source>Madagascar</source>
<target>Madagascar</target>
<context-group name="M">M</context-group>
<note></note>
</trans-unit>
<trans-unit id="Malawi" approved="1">
<source>Malawi</source>
<target>Malawi</target>
<context-group name="M">M</context-group>
<note></note>
</trans-unit>
<trans-unit id="Malaysia" approved="1">
<source>Malaysia</source>
<target>Malaysia</target>
<context-group name="M">M</context-group>
<note></note>
</trans-unit>
<trans-unit id="Maldives" approved="1">
<source>Maldives</source>
<target>Maldives</target>
<context-group name="M">M</context-group>
<note></note>
</trans-unit>
<trans-unit id="Mali" approved="1">
<source>Mali</source>
<target>Mali</target>
<context-group name="M">M</context-group>
<note></note>
</trans-unit>
<trans-unit id="Malta" approved="1">
<source>Malta</source>
<target>Malta</target>
<context-group name="M">M</context-group>
<note></note>
</trans-unit>
<trans-unit id="Mauritania" approved="1">
<source>Mauritania</source>
<target>Mauritania</target>
<context-group name="M">M</context-group>
<note></note>
</trans-unit>
<trans-unit id="Mauritius" approved="1">
<source>Mauritius</source>
<target>Mauritius</target>
<context-group name="M">M</context-group>
<note></note>
</trans-unit>
<trans-unit id="Mexico" approved="1">
<source>Mexico</source>
<target>Mexico</target>
<context-group name="M">M</context-group>
<note></note>
</trans-unit>
<trans-unit id="Moldavia" approved="1">
<source>Moldavia</source>
<target>Moldavia</target>
<context-group name="M">M</context-group>
<note></note>
</trans-unit>
<trans-unit id="Monaco" approved="1">
<source>Monaco</source>
<target>Monaco</target>
<context-group name="M">M</context-group>
<note></note>
</trans-unit>
<trans-unit id="Mongolia" approved="1">
<source>Mongolia</source>
<target>Mongolia</target>
<context-group name="M">M</context-group>
<note></note>
</trans-unit>
<trans-unit id="Morocco" approved="1">
<source>Morocco</source>
<target>Morocco</target>
<context-group name="M">M</context-group>
<note></note>
</trans-unit>
<trans-unit id="Mozambique" approved="1">
<source>Mozambique</source>
<target>Mozambique</target>
<context-group name="M">M</context-group>
<note></note>
</trans-unit>
<trans-unit id="Namibia" approved="1">
<source>Namibia</source>
<target>Namibia</target>
<context-group name="N">N</context-group>
<note></note>
</trans-unit>
<trans-unit id="Nepal" approved="1">
<source>Nepal</source>
<target>Nepal</target>
<context-group name="N">N</context-group>
<note></note>
</trans-unit>
<trans-unit id="Netherlands" approved="1">
<source>Netherlands</source>
<target>Netherlands</target>
<context-group name="N">N</context-group>
<note></note>
</trans-unit>
<trans-unit id="New Zealand" approved="1">
<source>New Zealand</source>
<target>New Zealand</target>
<context-group name="N">N</context-group>
<note></note>
</trans-unit>
<trans-unit id="Nicaragua" approved="1">
<source>Nicaragua</source>
<target>Nicaragua</target>
<context-group name="N">N</context-group>
<note></note>
</trans-unit>
<trans-unit id="Niger" approved="1">
<source>Niger</source>
<target>Niger</target>
<context-group name="N">N</context-group>
<note></note>
</trans-unit>
<trans-unit id="Nigeria" approved="1">
<source>Nigeria</source>
<target>Nigeria</target>
<context-group name="N">N</context-group>
<note></note>
</trans-unit>
<trans-unit id="North Korea" approved="1">
<source>North Korea</source>
<target>North Korea</target>
<context-group name="N">N</context-group>
<note></note>
</trans-unit>
<trans-unit id="Norway" approved="1">
<source>Norway</source>
<target>Norway</target>
<context-group name="N">N</context-group>
<note></note>
</trans-unit>
<trans-unit id="Oman" approved="1">
<source>Oman</source>
<target>Oman</target>
<context-group name="O">O</context-group>
<note></note>
</trans-unit>
<trans-unit id="Pakistan" approved="1">
<source>Pakistan</source>
<target>Pakistan</target>
<context-group name="P">P</context-group>
<note></note>
</trans-unit>
<trans-unit id="Palestine" approved="1">
<source>Palestine</source>
<target>Palestine</target>
<context-group name="P">P</context-group>
<note></note>
</trans-unit>
<trans-unit id="Panama" approved="1">
<source>Panama</source>
<target>Panama</target>
<context-group name="P">P</context-group>
<note></note>
</trans-unit>
<trans-unit id="Paraguay" approved="1">
<source>Paraguay</source>
<target>Paraguay</target>
<context-group name="P">P</context-group>
<note></note>
</trans-unit>
<trans-unit id="Peru" approved="1">
<source>Peru</source>
<target>Peru</target>
<context-group name="P">P</context-group>
<note></note>
</trans-unit>
<trans-unit id="Philippines" approved="1">
<source>Philippines</source>
<target>Philippines</target>
<context-group name="P">P</context-group>
<note></note>
</trans-unit>
<trans-unit id="Poland" approved="1">
<source>Poland</source>
<target>Poland</target>
<context-group name="P">P</context-group>
<note></note>
</trans-unit>
<trans-unit id="Portugal" approved="1">
<source>Portugal</source>
<target>Portugal</target>
<context-group name="P">P</context-group>
<note></note>
</trans-unit>
<trans-unit id="Qatar" approved="1">
<source>Qatar</source>
<target>Qatar</target>
<context-group name="Q">Q</context-group>
<note></note>
</trans-unit>
<trans-unit id="Romania" approved="1">
<source>Romania</source>
<target>Romania</target>
<context-group name="R">R</context-group>
<note></note>
</trans-unit>
<trans-unit id="Russian Federation" approved="1">
<source>Russian Federation</source>
<target>Russian Federation</target>
<context-group name="R">R</context-group>
<note></note>
</trans-unit>
<trans-unit id="Rwanda" approved="1">
<source>Rwanda</source>
<target>Rwanda</target>
<context-group name="R">R</context-group>
<note></note>
</trans-unit>
<trans-unit id="San Marino" approved="1">
<source>San Marino</source>
<target>San Marino</target>
<context-group name="S">S</context-group>
<note></note>
</trans-unit>
<trans-unit id="Saudi Arabia" approved="1">
<source>Saudi Arabia</source>
<target>Saudi Arabia</target>
<context-group name="S">S</context-group>
<note></note>
</trans-unit>
<trans-unit id="Senegal" approved="1">
<source>Senegal</source>
<target>Senegal</target>
<context-group name="S">S</context-group>
<note></note>
</trans-unit>
<trans-unit id="Seychelles" approved="1">
<source>Seychelles</source>
<target>Seychelles</target>
<context-group name="S">S</context-group>
<note></note>
</trans-unit>
<trans-unit id="Sierra Leone" approved="1">
<source>Sierra Leone</source>
<target>Sierra Leone</target>
<context-group name="S">S</context-group>
<note></note>
</trans-unit>
<trans-unit id="Singapore" approved="1">
<source>Singapore</source>
<target>Singapore</target>
<context-group name="S">S</context-group>
<note></note>
</trans-unit>
<trans-unit id="Slovak Republic" approved="1">
<source>Slovak Republic</source>
<target>Slovak Republic</target>
<context-group name="S">S</context-group>
<note></note>
</trans-unit>
<trans-unit id="Slovenia" approved="1">
<source>Slovenia</source>
<target>Slovenia</target>
<context-group name="S">S</context-group>
<note></note>
</trans-unit>
<trans-unit id="Somalia" approved="1">
<source>Somalia</source>
<target>Somalia</target>
<context-group name="S">S</context-group>
<note></note>
</trans-unit>
<trans-unit id="South Africa" approved="1">
<source>South Africa</source>
<target>South Africa</target>
<context-group name="S">S</context-group>
<note></note>
</trans-unit>
<trans-unit id="South Korea" approved="1">
<source>South Korea</source>
<target>South Korea</target>
<context-group name="S">S</context-group>
<note></note>
</trans-unit>
<trans-unit id="Spain" approved="1">
<source>Spain</source>
<target>Spain</target>
<context-group name="S">S</context-group>
<note></note>
</trans-unit>
<trans-unit id="Sri Lanka" approved="1">
<source>Sri Lanka</source>
<target>Sri Lanka</target>
<context-group name="S">S</context-group>
<note></note>
</trans-unit>
<trans-unit id="Sudan" approved="1">
<source>Sudan</source>
<target>Sudan</target>
<context-group name="S">S</context-group>
<note></note>
</trans-unit>
<trans-unit id="Suriname" approved="1">
<source>Suriname</source>
<target>Suriname</target>
<context-group name="S">S</context-group>
<note></note>
</trans-unit>
<trans-unit id="Sweden" approved="1">
<source>Sweden</source>
<target>Sweden</target>
<context-group name="S">S</context-group>
<note></note>
</trans-unit>
<trans-unit id="Switzerland" approved="1">
<source>Switzerland</source>
<target>Switzerland</target>
<context-group name="S">S</context-group>
<note></note>
</trans-unit>
<trans-unit id="Syria" approved="1">
<source>Syria</source>
<target>Syria</target>
<context-group name="S">S</context-group>
<note></note>
</trans-unit>
<trans-unit id="Tadjikistan" approved="1">
<source>Tadjikistan</source>
<target>Tadjikistan</target>
<context-group name="T">T</context-group>
<note></note>
</trans-unit>
<trans-unit id="Taiwan" approved="1">
<source>Taiwan</source>
<target>Taiwan</target>
<context-group name="T">T</context-group>
<note></note>
</trans-unit>
<trans-unit id="Tanzania" approved="1">
<source>Tanzania</source>
<target>Tanzania</target>
<context-group name="T">T</context-group>
<note></note>
</trans-unit>
<trans-unit id="Thailand" approved="1">
<source>Thailand</source>
<target>Thailand</target>
<context-group name="T">T</context-group>
<note></note>
</trans-unit>
<trans-unit id="Togo" approved="1">
<source>Togo</source>
<target>Togo</target>
<context-group name="T">T</context-group>
<note></note>
</trans-unit>
<trans-unit id="Tunisia" approved="1">
<source>Tunisia</source>
<target>Tunisia</target>
<context-group name="T">T</context-group>
<note></note>
</trans-unit>
<trans-unit id="Turkey" approved="1">
<source>Turkey</source>
<target>Turkey</target>
<context-group name="T">T</context-group>
<note></note>
</trans-unit>
<trans-unit id="Turkmenistan" approved="1">
<source>Turkmenistan</source>
<target>Turkmenistan</target>
<context-group name="T">T</context-group>
<note></note>
</trans-unit>
<trans-unit id="Uganda" approved="1">
<source>Uganda</source>
<target>Uganda</target>
<context-group name="U">U</context-group>
<note></note>
</trans-unit>
<trans-unit id="Ukraine" approved="1">
<source>Ukraine</source>
<target>Ukraine</target>
<context-group name="U">U</context-group>
<note></note>
</trans-unit>
<trans-unit id="United Arab Emirates" approved="1">
<source>United Arab Emirates</source>
<target>United Arab Emirates</target>
<context-group name="U">U</context-group>
<note></note>
</trans-unit>
<trans-unit id="United Kingdom" approved="1">
<source>United Kingdom</source>
<target>United Kingdom</target>
<context-group name="U">U</context-group>
<note></note>
</trans-unit>
<trans-unit id="United States" approved="1">
<source>United States</source>
<target>United States</target>
<context-group name="U">U</context-group>
<note></note>
</trans-unit>
<trans-unit id="Uruguay" approved="1">
<source>Uruguay</source>
<target>Uruguay</target>
<context-group name="U">U</context-group>
<note></note>
</trans-unit>
<trans-unit id="Uzbekistan" approved="1">
<source>Uzbekistan</source>
<target>Uzbekistan</target>
<context-group name="U">U</context-group>
<note></note>
</trans-unit>
<trans-unit id="Venezuela" approved="1">
<source>Venezuela</source>
<target>Venezuela</target>
<context-group name="V">V</context-group>
<note></note>
</trans-unit>
<trans-unit id="Vietnam" approved="1">
<source>Vietnam</source>
<target>Vietnam</target>
<context-group name="V">V</context-group>
<note></note>
</trans-unit>
<trans-unit id="Yemen" approved="1">
<source>Yemen</source>
<target>Yemen</target>
<context-group name="Y">Y</context-group>
<note></note>
</trans-unit>
<trans-unit id="Zambia" approved="1">
<source>Zambia</source>
<target>Zambia</target>
<context-group name="Z">Z</context-group>
<note></note>
</trans-unit>
<trans-unit id="Zimbabwe" approved="1">
<source>Zimbabwe</source>
<target>Zimbabwe</target>
<context-group name="Z">Z</context-group>
<note></note>
</trans-unit>
</body>
</file>
</xliff>