<?xml version="1.0" encoding="UTF-8"?>
<!DOCTYPE xliff SYSTEM "http://www.oasis-open.org/committees/xliff/documents/xliff.dtd">
<xliff version="1.0">
	<file original="glossary_coverage" product-name="NaayaGlossary" product-version="1.1.x" datatype="plaintext" source-language="English" target-language="English" date="2005-11-02T11:33:18Z" xml:space="default">
		<export>

			<trans-unit id="AB" approved="1">
				<source>ABKHAZIAN</source>
				<target>ABKHAZIAN</target>
				<context-group name="languages">Languages</context-group>
				<note></note>
			</trans-unit>
			<trans-unit id="OM" approved="1">
				<source>AFAN</source>
				<target>AFAN</target>
				<context-group name="languages">Languages</context-group>
				<note></note>
			</trans-unit>
			<trans-unit id="AA" approved="1">
				<source>AFAR</source>
				<target>AFAR</target>
				<context-group name="languages">Languages</context-group>
				<note></note>
			</trans-unit>
			<trans-unit id="AF" approved="1">
				<source>AFRIKAANS</source>
				<target>AFRIKAANS</target>
				<context-group name="languages">Languages</context-group>
				<note></note>
			</trans-unit>
			<trans-unit id="SQ" approved="1">
				<source>ALBANIAN</source>
				<target>ALBANIAN</target>
				<context-group name="languages">Languages</context-group>
				<note></note>
			</trans-unit>

			<trans-unit id="AM" approved="1">
				<source>AMHARIC</source>
				<target>AMHARIC</target>
				<context-group name="languages">Languages</context-group>
				<note></note>
			</trans-unit>
			<trans-unit id="AR" approved="1">
				<source>ARABIC</source>
				<target>ARABIC</target>
				<context-group name="languages">Languages</context-group>
				<note></note>
			</trans-unit>
			<trans-unit id="HY" approved="1">
				<source>ARMENIAN</source>
				<target>ARMENIAN</target>
				<context-group name="languages">Languages</context-group>
				<note></note>
			</trans-unit>
			<trans-unit id="AS" approved="1">
				<source>ASSAMESE</source>
				<target>ASSAMESE</target>
				<context-group name="languages">Languages</context-group>
				<note></note>
			</trans-unit>
			<trans-unit id="AY" approved="1">
				<source>AYMARA</source>
				<target>AYMARA</target>
				<context-group name="languages">Languages</context-group>
				<note></note>
			</trans-unit>
			<trans-unit id="AZ" approved="1">
				<source>AZERBAIJANI</source>
				<target>AZERBAIJANI</target>
				<context-group name="languages">Languages</context-group>
				<note></note>
			</trans-unit>
			<trans-unit id="BA" approved="1">
				<source>BASHKIR</source>
				<target>BASHKIR</target>
				<context-group name="languages">Languages</context-group>
				<note></note>
			</trans-unit>
			<trans-unit id="EU" approved="1">
				<source>BASQUE</source>
				<target>BASQUE</target>
				<context-group name="languages">Languages</context-group>
				<note></note>
			</trans-unit>
			<trans-unit id="BN" approved="1">
				<source>BENGALI</source>
				<target>BENGALI</target>
				<context-group name="languages">Languages</context-group>
				<note></note>
			</trans-unit>
			<trans-unit id="DZ" approved="1">
				<source>BHUTANI</source>
				<target>BHUTANI</target>
				<context-group name="languages">Languages</context-group>
				<note></note>
			</trans-unit>
			<trans-unit id="BH" approved="1">
				<source>BIHARI</source>
				<target>BIHARI</target>
				<context-group name="languages">Languages</context-group>
				<note></note>
			</trans-unit>
			<trans-unit id="BI" approved="1">
				<source>BISLAMA</source>
				<target>BISLAMA</target>
				<context-group name="languages">Languages</context-group>
				<note></note>
			</trans-unit>
			<trans-unit id="BR" approved="1">
				<source>BRETON</source>
				<target>BRETON</target>
				<context-group name="languages">Languages</context-group>
				<note></note>
			</trans-unit>
			<trans-unit id="BG" approved="1">
				<source>BULGARIAN</source>
				<target>BULGARIAN</target>
				<context-group name="languages">Languages</context-group>
				<note></note>
			</trans-unit>
			<trans-unit id="MY" approved="1">
				<source>BURMESE</source>
				<target>BURMESE</target>
				<context-group name="languages">Languages</context-group>
				<note></note>
			</trans-unit>
			<trans-unit id="BE" approved="1">
				<source>BYELORUSSIAN</source>
				<target>BYELORUSSIAN</target>
				<context-group name="languages">Languages</context-group>
				<note></note>
			</trans-unit>
			<trans-unit id="KM" approved="1">
				<source>CAMBODIAN</source>
				<target>CAMBODIAN</target>
				<context-group name="languages">Languages</context-group>
				<note></note>
			</trans-unit>
			<trans-unit id="CA" approved="1">
				<source>CATALAN</source>
				<target>CATALAN</target>
				<context-group name="languages">Languages</context-group>
				<note></note>
			</trans-unit>
			<trans-unit id="ZH" approved="1">
				<source>CHINESE</source>
				<target>CHINESE</target>
				<context-group name="languages">Languages</context-group>
				<note></note>
			</trans-unit>
			<trans-unit id="CO" approved="1">
				<source>CORSICAN</source>
				<target>CORSICAN</target>
				<context-group name="languages">Languages</context-group>
				<note></note>
			</trans-unit>
			<trans-unit id="HR" approved="1">
				<source>CROATIAN</source>
				<target>CROATIAN</target>
				<context-group name="languages">Languages</context-group>
				<note></note>
			</trans-unit>
			<trans-unit id="CS" approved="1">
				<source>CZECH</source>
				<target>CZECH</target>
				<context-group name="languages">Languages</context-group>
				<note></note>
			</trans-unit>
			<trans-unit id="DA" approved="1">
				<source>DANISH</source>
				<target>DANISH</target>
				<context-group name="languages">Languages</context-group>
				<note></note>
			</trans-unit>
			<trans-unit id="NL" approved="1">
				<source>DUTCH</source>
				<target>DUTCH</target>
				<context-group name="languages">Languages</context-group>
				<note></note>
			</trans-unit>
			<trans-unit id="EN" approved="1">
				<source>ENGLISH</source>
				<target>ENGLISH</target>
				<context-group name="languages">Languages</context-group>
				<note></note>
			</trans-unit>
			<trans-unit id="EO" approved="1">
				<source>ESPERANTO</source>
				<target>ESPERANTO</target>
				<context-group name="languages">Languages</context-group>
				<note></note>
			</trans-unit>
			<trans-unit id="ET" approved="1">
				<source>ESTONIAN</source>
				<target>ESTONIAN</target>
				<context-group name="languages">Languages</context-group>
				<note></note>
			</trans-unit>
			<trans-unit id="FO" approved="1">
				<source>FAROESE</source>
				<target>FAROESE</target>
				<context-group name="languages">Languages</context-group>
				<note></note>
			</trans-unit>
			<trans-unit id="FJ" approved="1">
				<source>FIJI</source>
				<target>FIJI</target>
				<context-group name="languages">Languages</context-group>
				<note></note>
			</trans-unit>
			<trans-unit id="FI" approved="1">
				<source>FINNISH</source>
				<target>FINNISH</target>
				<context-group name="languages">Languages</context-group>
				<note></note>
			</trans-unit>
			<trans-unit id="FR" approved="1">
				<source>FRENCH</source>
				<target>FRENCH</target>
				<context-group name="languages">Languages</context-group>
				<note></note>
			</trans-unit>
			<trans-unit id="FY" approved="1">
				<source>FRISIAN</source>
				<target>FRISIAN</target>
				<context-group name="languages">Languages</context-group>
				<note></note>
			</trans-unit>
			<trans-unit id="GL" approved="1">
				<source>GALICIAN</source>
				<target>GALICIAN</target>
				<context-group name="languages">Languages</context-group>
				<note></note>
			</trans-unit>
			<trans-unit id="KA" approved="1">
				<source>GEORGIAN</source>
				<target>GEORGIAN</target>
				<context-group name="languages">Languages</context-group>
				<note></note>
			</trans-unit>
			<trans-unit id="DE" approved="1">
				<source>GERMAN</source>
				<target>GERMAN</target>
				<context-group name="languages">Languages</context-group>
				<note></note>
			</trans-unit>
			<trans-unit id="EL" approved="1">
				<source>GREEK</source>
				<target>GREEK</target>
				<context-group name="languages">Languages</context-group>
				<note></note>
			</trans-unit>
			<trans-unit id="KL" approved="1">
				<source>GREENLANDIC</source>
				<target>GREENLANDIC</target>
				<context-group name="languages">Languages</context-group>
				<note></note>
			</trans-unit>
			<trans-unit id="GN" approved="1">
				<source>GUARANI</source>
				<target>GUARANI</target>
				<context-group name="languages">Languages</context-group>
				<note></note>
			</trans-unit>
			<trans-unit id="GU" approved="1">
				<source>GUJARATI</source>
				<target>GUJARATI</target>
				<context-group name="languages">Languages</context-group>
				<note></note>
			</trans-unit>
			<trans-unit id="HA" approved="1">
				<source>HAUSA</source>
				<target>HAUSA</target>
				<context-group name="languages">Languages</context-group>
				<note></note>
			</trans-unit>
			<trans-unit id="HE" approved="1">
				<source>HEBREW</source>
				<target>HEBREW</target>
				<context-group name="languages">Languages</context-group>
				<note></note>
			</trans-unit>
			<trans-unit id="HI" approved="1">
				<source>HINDI</source>
				<target>HINDI</target>
				<context-group name="languages">Languages</context-group>
				<note></note>
			</trans-unit>
			<trans-unit id="HU" approved="1">
				<source>HUNGARIAN</source>
				<target>HUNGARIAN</target>
				<context-group name="languages">Languages</context-group>
				<note></note>
			</trans-unit>
			<trans-unit id="IS" approved="1">
				<source>ICELANDIC</source>
				<target>ICELANDIC</target>
				<context-group name="languages">Languages</context-group>
				<note></note>
			</trans-unit>
			<trans-unit id="ID" approved="1">
				<source>INDONESIAN</source>
				<target>INDONESIAN</target>
				<context-group name="languages">Languages</context-group>
				<note></note>
			</trans-unit>
			<trans-unit id="IA" approved="1">
				<source>INTERLINGUA</source>
				<target>INTERLINGUA</target>
				<context-group name="languages">Languages</context-group>
				<note></note>
			</trans-unit>
			<trans-unit id="IE" approved="1">
				<source>INTERLINGUE</source>
				<target>INTERLINGUE</target>
				<context-group name="languages">Languages</context-group>
				<note></note>
			</trans-unit>
			<trans-unit id="IU" approved="1">
				<source>INUKTITUT</source>
				<target>INUKTITUT</target>
				<context-group name="languages">Languages</context-group>
				<note></note>
			</trans-unit>
			<trans-unit id="IK" approved="1">
				<source>INUPIAK</source>
				<target>INUPIAK</target>
				<context-group name="languages">Languages</context-group>
				<note></note>
			</trans-unit>
			<trans-unit id="GA" approved="1">
				<source>IRISH</source>
				<target>IRISH</target>
				<context-group name="languages">Languages</context-group>
				<note></note>
			</trans-unit>
			<trans-unit id="IT" approved="1">
				<source>ITALIAN</source>
				<target>ITALIAN</target>
				<context-group name="languages">Languages</context-group>
				<note></note>
			</trans-unit>
			<trans-unit id="JA" approved="1">
				<source>JAPANESE</source>
				<target>JAPANESE</target>
				<context-group name="languages">Languages</context-group>
				<note></note>
			</trans-unit>
			<trans-unit id="JV" approved="1">
				<source>JAVANESE</source>
				<target>JAVANESE</target>
				<context-group name="languages">Languages</context-group>
				<note></note>
			</trans-unit>
			<trans-unit id="KN" approved="1">
				<source>KANNADA</source>
				<target>KANNADA</target>
				<context-group name="languages">Languages</context-group>
				<note></note>
			</trans-unit>
			<trans-unit id="KS" approved="1">
				<source>KASHMIRI</source>
				<target>KASHMIRI</target>
				<context-group name="languages">Languages</context-group>
				<note></note>
			</trans-unit>
			<trans-unit id="KK" approved="1">
				<source>KAZAKH</source>
				<target>KAZAKH</target>
				<context-group name="languages">Languages</context-group>
				<note></note>
			</trans-unit>
			<trans-unit id="RW" approved="1">
				<source>KINYARWANDA</source>
				<target>KINYARWANDA</target>
				<context-group name="languages">Languages</context-group>
				<note></note>
			</trans-unit>
			<trans-unit id="KY" approved="1">
				<source>KIRGHIZ</source>
				<target>KIRGHIZ</target>
				<context-group name="languages">Languages</context-group>
				<note></note>
			</trans-unit>
			<trans-unit id="RN" approved="1">
				<source>KURUNDI</source>
				<target>KURUNDI</target>
				<context-group name="languages">Languages</context-group>
				<note></note>
			</trans-unit>
			<trans-unit id="KO" approved="1">
				<source>KOREAN</source>
				<target>KOREAN</target>
				<context-group name="languages">Languages</context-group>
				<note></note>
			</trans-unit>
			<trans-unit id="KU" approved="1">
				<source>KURDISH</source>
				<target>KURDISH</target>
				<context-group name="languages">Languages</context-group>
				<note></note>
			</trans-unit>
			<trans-unit id="LO" approved="1">
				<source>LAOTHIAN</source>
				<target>LAOTHIAN</target>
				<context-group name="languages">Languages</context-group>
				<note></note>
			</trans-unit>
			<trans-unit id="LA" approved="1">
				<source>LATIN</source>
				<target>LATIN</target>
				<context-group name="languages">Languages</context-group>
				<note></note>
			</trans-unit>
			<trans-unit id="LV" approved="1">
				<source>LATVIAN</source>
				<target>LATVIAN</target>
				<context-group name="languages">Languages</context-group>
				<note></note>
			</trans-unit>
			<trans-unit id="LN" approved="1">
				<source>LINGALA</source>
				<target>LINGALA</target>
				<context-group name="languages">Languages</context-group>
				<note></note>
			</trans-unit>
			<trans-unit id="LT" approved="1">
				<source>LITHUANIAN</source>
				<target>LITHUANIAN</target>
				<context-group name="languages">Languages</context-group>
				<note></note>
			</trans-unit>
			<trans-unit id="MK" approved="1">
				<source>MACEDONIAN</source>
				<target>MACEDONIAN</target>
				<context-group name="languages">Languages</context-group>
				<note></note>
			</trans-unit>
			<trans-unit id="MG" approved="1">
				<source>MALAGASY</source>
				<target>MALAGASY</target>
				<context-group name="languages">Languages</context-group>
				<note></note>
			</trans-unit>
			<trans-unit id="MS" approved="1">
				<source>MALAY</source>
				<target>MALAY</target>
				<context-group name="languages">Languages</context-group>
				<note></note>
			</trans-unit>
			<trans-unit id="ML" approved="1">
				<source>MALAYALAM</source>
				<target>MALAYALAM</target>
				<context-group name="languages">Languages</context-group>
				<note></note>
			</trans-unit>
			<trans-unit id="MT" approved="1">
				<source>MALTESE</source>
				<target>MALTESE</target>
				<context-group name="languages">Languages</context-group>
				<note></note>
			</trans-unit>
			<trans-unit id="MI" approved="1">
				<source>MAORI</source>
				<target>MAORI</target>
				<context-group name="languages">Languages</context-group>
				<note></note>
			</trans-unit>
			<trans-unit id="MR" approved="1">
				<source>MARATHI</source>
				<target>MARATHI</target>
				<context-group name="languages">Languages</context-group>
				<note></note>
			</trans-unit>
			<trans-unit id="MO" approved="1">
				<source>MOLDAVIAN</source>
				<target>MOLDAVIAN</target>
				<context-group name="languages">Languages</context-group>
				<note></note>
			</trans-unit>
			<trans-unit id="MN" approved="1">
				<source>MONGOLIAN</source>
				<target>MONGOLIAN</target>
				<context-group name="languages">Languages</context-group>
				<note></note>
			</trans-unit>
			<trans-unit id="NA" approved="1">
				<source>NAURU</source>
				<target>NAURU</target>
				<context-group name="languages">Languages</context-group>
				<note></note>
			</trans-unit>
			<trans-unit id="NE" approved="1">
				<source>NEPALI</source>
				<target>NEPALI</target>
				<context-group name="languages">Languages</context-group>
				<note></note>
			</trans-unit>
			<trans-unit id="NO" approved="1">
				<source>NORWEGIAN</source>
				<target>NORWEGIAN</target>
				<context-group name="languages">Languages</context-group>
				<note></note>
			</trans-unit>
			<trans-unit id="OC" approved="1">
				<source>OCCITAN</source>
				<target>OCCITAN</target>
				<context-group name="languages">Languages</context-group>
				<note></note>
			</trans-unit>
			<trans-unit id="OR" approved="1">
				<source>ORIYA</source>
				<target>ORIYA</target>
				<context-group name="languages">Languages</context-group>
				<note></note>
			</trans-unit>
			<trans-unit id="PS" approved="1">
				<source>PASHTO</source>
				<target>PASHTO</target>
				<context-group name="languages">Languages</context-group>
				<note></note>
			</trans-unit>
			<trans-unit id="FA" approved="1">
				<source>PERSIAN</source>
				<target>PERSIAN</target>
				<context-group name="languages">Languages</context-group>
				<note></note>
			</trans-unit>
			<trans-unit id="PL" approved="1">
				<source>POLISH</source>
				<target>POLISH</target>
				<context-group name="languages">Languages</context-group>
				<note></note>
			</trans-unit>
			<trans-unit id="PT" approved="1">
				<source>PORTUGUESE</source>
				<target>PORTUGUESE</target>
				<context-group name="languages">Languages</context-group>
				<note></note>
			</trans-unit>
			<trans-unit id="PA" approved="1">
				<source>PUNJABI</source>
				<target>PUNJABI</target>
				<context-group name="languages">Languages</context-group>
				<note></note>
			</trans-unit>
			<trans-unit id="QU" approved="1">
				<source>QUECHUA</source>
				<target>QUECHUA</target>
				<context-group name="languages">Languages</context-group>
				<note></note>
			</trans-unit>
			<trans-unit id="RM" approved="1">
				<source>RHAETO-ROMANCE</source>
				<target>RHAETO-ROMANCE</target>
				<context-group name="languages">Languages</context-group>
				<note></note>
			</trans-unit>
			<trans-unit id="RO" approved="1">
				<source>ROMANIAN</source>
				<target>ROMANIAN</target>
				<context-group name="languages">Languages</context-group>
				<note></note>
			</trans-unit>
			<trans-unit id="RU" approved="1">
				<source>RUSSIAN</source>
				<target>RUSSIAN</target>
				<context-group name="languages">Languages</context-group>
				<note></note>
			</trans-unit>
			<trans-unit id="SM" approved="1">
				<source>SAMOAN</source>
				<target>SAMOAN</target>
				<context-group name="languages">Languages</context-group>
				<note></note>
			</trans-unit>
			<trans-unit id="SG" approved="1">
				<source>SANGHO</source>
				<target>SANGHO</target>
				<context-group name="languages">Languages</context-group>
				<note></note>
			</trans-unit>
			<trans-unit id="SA" approved="1">
				<source>SANSKRIT</source>
				<target>SANSKRIT</target>
				<context-group name="languages">Languages</context-group>
				<note></note>
			</trans-unit>
			<trans-unit id="GD" approved="1">
				<source>SCOTS GAELIC</source>
				<target>SCOTS GAELIC</target>
				<context-group name="languages">Languages</context-group>
				<note></note>
			</trans-unit>
			<trans-unit id="SR" approved="1">
				<source>SERBIAN</source>
				<target>SERBIAN</target>
				<context-group name="languages">Languages</context-group>
				<note></note>
			</trans-unit>
			<trans-unit id="SH" approved="1">
				<source>SERBO-CROATIAN</source>
				<target>SERBO-CROATIAN</target>
				<context-group name="languages">Languages</context-group>
				<note></note>
			</trans-unit>
			<trans-unit id="ST" approved="1">
				<source>SESOTHO</source>
				<target>SESOTHO</target>
				<context-group name="languages">Languages</context-group>
				<note></note>
			</trans-unit>
			<trans-unit id="TN" approved="1">
				<source>SETSWANA</source>
				<target>SETSWANA</target>
				<context-group name="languages">Languages</context-group>
				<note></note>
			</trans-unit>
			<trans-unit id="SN" approved="1">
				<source>SHONA</source>
				<target>SHONA</target>
				<context-group name="languages">Languages</context-group>
				<note></note>
			</trans-unit>
			<trans-unit id="SD" approved="1">
				<source>SINDHI</source>
				<target>SINDHI</target>
				<context-group name="languages">Languages</context-group>
				<note></note>
			</trans-unit>
			<trans-unit id="SI" approved="1">
				<source>SINGHALESE</source>
				<target>SINGHALESE</target>
				<context-group name="languages">Languages</context-group>
				<note></note>
			</trans-unit>
			<trans-unit id="SS" approved="1">
				<source>SISWATI</source>
				<target>SISWATI</target>
				<context-group name="languages">Languages</context-group>
				<note></note>
			</trans-unit>
			<trans-unit id="SK" approved="1">
				<source>SLOVAK</source>
				<target>SLOVAK</target>
				<context-group name="languages">Languages</context-group>
				<note></note>
			</trans-unit>
			<trans-unit id="SL" approved="1">
				<source>SLOVENIAN</source>
				<target>SLOVENIAN</target>
				<context-group name="languages">Languages</context-group>
				<note></note>
			</trans-unit>
			<trans-unit id="SO" approved="1">
				<source>SOMALI</source>
				<target>SOMALI</target>
				<context-group name="languages">Languages</context-group>
				<note></note>
			</trans-unit>
			<trans-unit id="ES" approved="1">
				<source>SPANISH</source>
				<target>SPANISH</target>
				<context-group name="languages">Languages</context-group>
				<note></note>
			</trans-unit>
			<trans-unit id="SU" approved="1">
				<source>SUNDANESE</source>
				<target>SUNDANESE</target>
				<context-group name="languages">Languages</context-group>
				<note></note>
			</trans-unit>
			<trans-unit id="SW" approved="1">
				<source>SWAHILI</source>
				<target>SWAHILI</target>
				<context-group name="languages">Languages</context-group>
				<note></note>
			</trans-unit>
			<trans-unit id="SV" approved="1">
				<source>SWEDISH</source>
				<target>SWEDISH</target>
				<context-group name="languages">Languages</context-group>
				<note></note>
			</trans-unit>
			<trans-unit id="TL" approved="1">
				<source>TAGALOG</source>
				<target>TAGALOG</target>
				<context-group name="languages">Languages</context-group>
				<note></note>
			</trans-unit>
			<trans-unit id="TG" approved="1">
				<source>TAJIK</source>
				<target>TAJIK</target>
				<context-group name="languages">Languages</context-group>
				<note></note>
			</trans-unit>
			<trans-unit id="TA" approved="1">
				<source>TAMIL</source>
				<target>TAMIL</target>
				<context-group name="languages">Languages</context-group>
				<note></note>
			</trans-unit>
			<trans-unit id="TT" approved="1">
				<source>TATAR</source>
				<target>TATAR</target>
				<context-group name="languages">Languages</context-group>
				<note></note>
			</trans-unit>
			<trans-unit id="TE" approved="1">
				<source>TELUGU</source>
				<target>TELUGU</target>
				<context-group name="languages">Languages</context-group>
				<note></note>
			</trans-unit>
			<trans-unit id="TH" approved="1">
				<source>THAI</source>
				<target>THAI</target>
				<context-group name="languages">Languages</context-group>
				<note></note>
			</trans-unit>
			<trans-unit id="BO" approved="1">
				<source>TIBETAN</source>
				<target>TIBETAN</target>
				<context-group name="languages">Languages</context-group>
				<note></note>
			</trans-unit>
			<trans-unit id="TI" approved="1">
				<source>TIGRINYA</source>
				<target>TIGRINYA</target>
				<context-group name="languages">Languages</context-group>
				<note></note>
			</trans-unit>
			<trans-unit id="TO" approved="1">
				<source>TONGA</source>
				<target>TONGA</target>
				<context-group name="languages">Languages</context-group>
				<note></note>
			</trans-unit>
			<trans-unit id="TS" approved="1">
				<source>TSONGA</source>
				<target>TSONGA</target>
				<context-group name="languages">Languages</context-group>
				<note></note>
			</trans-unit>
			<trans-unit id="TR" approved="1">
				<source>TURKISH</source>
				<target>TURKISH</target>
				<context-group name="languages">Languages</context-group>
				<note></note>
			</trans-unit>
			<trans-unit id="TK" approved="1">
				<source>TURKMEN</source>
				<target>TURKMEN</target>
				<context-group name="languages">Languages</context-group>
				<note></note>
			</trans-unit>
			<trans-unit id="TW" approved="1">
				<source>TWI</source>
				<target>TWI</target>
				<context-group name="languages">Languages</context-group>
				<note></note>
			</trans-unit>
			<trans-unit id="UG" approved="1">
				<source>UIGUR</source>
				<target>UIGUR</target>
				<context-group name="languages">Languages</context-group>
				<note></note>
			</trans-unit>
			<trans-unit id="UK" approved="1">
				<source>UKRAINIAN</source>
				<target>UKRAINIAN</target>
				<context-group name="languages">Languages</context-group>
				<note></note>
			</trans-unit>
			<trans-unit id="UR" approved="1">
				<source>URDU</source>
				<target>URDU</target>
				<context-group name="languages">Languages</context-group>
				<note></note>
			</trans-unit>
			<trans-unit id="UZ" approved="1">
				<source>UZBEK</source>
				<target>UZBEK</target>
				<context-group name="languages">Languages</context-group>
				<note></note>
			</trans-unit>
			<trans-unit id="VI" approved="1">
				<source>VIETNAMESE</source>
				<target>VIETNAMESE</target>
				<context-group name="languages">Languages</context-group>
				<note></note>
			</trans-unit>
			<trans-unit id="VO" approved="1">
				<source>VOLAPUK</source>
				<target>VOLAPUK</target>
				<context-group name="languages">Languages</context-group>
				<note></note>
			</trans-unit>
			<trans-unit id="CY" approved="1">
				<source>WELSH</source>
				<target>WELSH</target>
				<context-group name="languages">Languages</context-group>
				<note></note>
			</trans-unit>
			<trans-unit id="WO" approved="1">
				<source>WOLOF</source>
				<target>WOLOF</target>
				<context-group name="languages">Languages</context-group>
				<note></note>
			</trans-unit>
			<trans-unit id="XH" approved="1">
				<source>XHOSA</source>
				<target>XHOSA</target>
				<context-group name="languages">Languages</context-group>
				<note></note>
			</trans-unit>
			<trans-unit id="YI" approved="1">
				<source>YIDDISH</source>
				<target>YIDDISH</target>
				<context-group name="languages">Languages</context-group>
				<note></note>
			</trans-unit>
			<trans-unit id="YO" approved="1">
				<source>YORUBA</source>
				<target>YORUBA</target>
				<context-group name="languages">Languages</context-group>
				<note></note>
			</trans-unit>
			<trans-unit id="ZA" approved="1">
				<source>ZHUANG</source>
				<target>ZHUANG</target>
				<context-group name="languages">Languages</context-group>
				<note></note>
			</trans-unit>
			<trans-unit id="ZU" approved="1">
				<source>ZULU</source>
				<target>ZULU</target>
				<context-group name="languages">Languages</context-group>
				<note></note>
			</trans-unit>
		</export>
	</file>
</xliff>