<?xml version="1.0" encoding="UTF-8"?>
<!DOCTYPE xliff SYSTEM "http://www.oasis-open.org/committees/xliff/documents/xliff.dtd">
<xliff version="1.0">
	<file original="glossary_coverage" product-name="NaayaGlossary" product-version="1.1.x" datatype="plaintext" source-language="French" target-language="French" date="2005-11-02T11:33:18Z" xml:space="default">
		<export>

			<!-- Liban -->
			<trans-unit id="abou_ali" approved="1">
				<source>Abou Ali</source>
				<target>Abou Ali</target>
				<context-group name="LB">Liban</context-group>
				<note></note>
			</trans-unit>
			<trans-unit id="aouali" approved="1">
				<source>Aouali</source>
				<target>Aouali</target>
				<context-group name="LB">Liban</context-group>
				<note></note>
			</trans-unit>
			<trans-unit id="arqa" approved="1">
				<source>Arqa</source>
				<target>Arqa</target>
				<context-group name="LB">Liban</context-group>
				<note></note>
			</trans-unit>
			<trans-unit id="bared" approved="1">
				<source>Bared</source>
				<target>Bared</target>
				<context-group name="LB">Liban</context-group>
				<note></note>
			</trans-unit>
			<trans-unit id="beyrouth" approved="1">
				<source>Beyrouth</source>
				<target>Beyrouth</target>
				<context-group name="LB">Liban</context-group>
				<note></note>
			</trans-unit>

			<!-- Maroc -->
			<trans-unit id="bouregreg" approved="1">
				<source>Bouregreg</source>
				<target>Bouregreg</target>
				<context-group name="MA">Maroc</context-group>
				<note></note>
			</trans-unit>
			<trans-unit id="cotier_essaouira" approved="1">
				<source>Cotier Essaouira</source>
				<target>Cotier Essaouira</target>
				<context-group name="MA">Maroc</context-group>
				<note></note>
			</trans-unit>
			<trans-unit id="cotiers_atlantiques" approved="1">
				<source>Cotiers Atlantiques</source>
				<target>Cotiers Atlantiques</target>
				<context-group name="MA">Maroc</context-group>
				<note></note>
			</trans-unit>
			<trans-unit id="cotiers_guelmim_tiznit" approved="1">
				<source>Cotiers Guelmim Tiznit</source>
				<target>Cotiers Guelmim Tiznit</target>
				<context-group name="MA">Maroc</context-group>
				<note></note>
			</trans-unit>

		</export>
	</file>
</xliff>