<?xml version="1.0" encoding="UTF-8"?>
<rdf:RDF xmlns:rdf="http://www.w3.org/1999/02/22-rdf-syntax-ns#"
                  xmlns:rdfs="http://www.w3.org/2000/01/rdf-schema#"
                  xmlns:skos="http://www.w3.org/2004/02/skos/core#"
                  xml:lang="ar">
<skos:Concept rdfs:label="إعلامو معلوميات" rdf:about="http://www.semide.org/thesaurus/theme/0023" />
<skos:Concept rdfs:label="التلوث الضار و الوقاية " rdf:about="http://www.semide.org/thesaurus/theme/0017" />
<skos:Concept rdfs:label="الزراعة" rdf:about="http://www.semide.org/thesaurus/theme/0002" />
<skos:Concept rdfs:label="الصناعة" rdf:about="http://www.semide.org/thesaurus/theme/0004" />
<skos:Concept rdfs:label="الطاقة" rdf:about="http://www.semide.org/thesaurus/theme/0005" />
<skos:Concept rdfs:label="الطلب علىالماء" rdf:about="http://www.semide.org/thesaurus/theme/0001" />
<skos:Concept rdfs:label="الماء الصالح للشرب و نظام الصرف الصحي: عمليات التنقيةو المعالجة المشتركة" rdf:about="http://www.semide.org/thesaurus/theme/0010" />
<skos:Concept rdfs:label="الماءالصالح للشرب" rdf:about="http://www.semide.org/thesaurus/theme/0008" />
<skos:Concept rdfs:label="الماليةوالاقتصاد" rdf:about="http://www.semide.org/thesaurus/theme/0006" />
<skos:Concept rdfs:label="المعايير الخاصة بالمياه و الحمأة" rdf:about="http://www.semide.org/thesaurus/theme/0018" />
<skos:Concept rdfs:label="تجهيزاتو بنى تحتية" rdf:about="http://www.semide.org/thesaurus/theme/0011" />
<skos:Concept rdfs:label="تحاليل و اختبارات" rdf:about="http://www.semide.org/thesaurus/theme/0013" />
<skos:Concept rdfs:label="حركة السوائل و علم المياه" rdf:about="http://www.semide.org/thesaurus/theme/0020" />
<skos:Concept rdfs:label="حمـأة" rdf:about="http://www.semide.org/thesaurus/theme/0024" />
<skos:Concept rdfs:label="سياحة، رياضة و هوايات" rdf:about="http://www.semide.org/thesaurus/theme/0003" />
<skos:Concept rdfs:label="سياسة، سياسة المياه و إدارةالمياه" rdf:about="http://www.semide.org/thesaurus/theme/0014" />
<skos:Concept rdfs:label="صحة، نظافة و الحيويات العضوية المسببة للمرض" rdf:about="http://www.semide.org/thesaurus/theme/0019" />
<skos:Concept rdfs:label="قانون و تشريع" rdf:about="http://www.semide.org/thesaurus/theme/0022" />
<skos:Concept rdfs:label="قياسات و أدواتية" rdf:about="http://www.semide.org/thesaurus/theme/0012" />
<skos:Concept rdfs:label="كلمةأداة" rdf:about="http://www.semide.org/thesaurus/theme/0025" />
<skos:Concept rdfs:label="مخاطرو مناخ" rdf:about="http://www.semide.org/thesaurus/theme/0021" />
<skos:Concept rdfs:label="منهج، إحصاءات و مساعدة في صنع القرار" rdf:about="http://www.semide.org/thesaurus/theme/0007" />
<skos:Concept rdfs:label="نظام الصرف الصحي، عمليات التنقية الموجهة" rdf:about="http://www.semide.org/thesaurus/theme/0009" />
<skos:Concept rdfs:label="نوعيةالماء" rdf:about="http://www.semide.org/thesaurus/theme/0016" />
<skos:Concept rdfs:label="وسططبيعي" rdf:about="http://www.semide.org/thesaurus/theme/0015" />
</rdf:RDF>
