<?xml version="1.0" encoding="utf-8"?>
<skel>
	<forms>
		<form id="folder_add" title="NyFolder add"/>
		<form id="folder_basketofapprovals" title="NyFolder basket of approvals"/>
		<form id="folder_basketofvalidation" title="NyFolder basket of invalid items"/>
		<form id="folder_edit" title="NyFolder edit"/>
		<form id="folder_editlogo" title="NyFolder edit logo"/>
		<form id="folder_index" title="NyFolder default view"/>
		<form id="folder_sortorder" title="NyFolder sort order"/>
		<form id="folder_renameid" title="NyFolder rename subitems ids"/>
		<form id="folder_restrict" title="NyFolder restrictions"/>
		<form id="folder_menusubmissions" title="NyFolder menu of submissions"/>
		<form id="folder_administration_basket" title="Folder administration - centralized basket form"/>
		<form id="folder_administration_logo" title="Folder administration - change logo"/>
		<form id="folder_administration_users" title="Folder administration - users' management"/>
		<form id="folder_administration_portlets" title="Folder administration - right side portlets"/>
		<form id="folder_administration_feedback" title="Folder administration - customize feedback form"/>
		<form id="epoz_toolbox" title="Epoz toolbox"/>
		<form id="messages_box" title="Box for info or error messages"/>
		<form id="languages_box" title="Box for changing the language on pages"/>
		<form id="form_languages_box" title="Box for changing the language when translating content"/>
		<form id="comment_add" title="Add comment for content" />
		<form id="channel_details" title="Show all items from remote channel" />
		<form id="comments_box" title="Box for content comments"/>
		<form id="site_index" title="Portal home page"/>
		<form id="standard_error_message" title="Portal standard error page"/>
		<form id="site_messages" title="Portal messages page"/>
		<form id="site_login" title="Portal login"/>
		<form id="site_logout" title="Portal logout"/>
		<form id="site_unauthorized" title="Portal logout"/>
		<form id="site_external_search" title="Portal external search"/>
		<form id="site_search" title="Portal search"/>
		<form id="site_sitemap" title="Portal site map"/>
		<form id="site_feedback" title="Portal feedback"/>
		<form id="site_requestrole" title="Portal request role"/>
		<form id="site_macro_add" title="Macro for add forms"/>
		<form id="site_macro_edit" title="Macro for edit forms"/>
		<form id="site_admin_template" title="Portal administration - macro"/>
		<form id="site_admin_centre" title="Portal administration - centre"/>
		<form id="site_admin_metadata" title="Portal administration - medata"/>
		<form id="site_admin_logos" title="Portal administration - logos"/>
		<form id="site_admin_properties" title="Portal administration - properties"/>
		<form id="site_admin_email" title="Portal administration - email settings"/>
		<form id="site_admin_layout" title="Portal administration - layout"/>
		<form id="site_admin_documentation" title="Portal administration - documentation"/>
		<form id="site_admin_users" title="Portal administration - users"/>
		<form id="site_admin_adduser" title="Portal administration - add user"/>
		<form id="site_admin_edituser" title="Portal administration - edit user"/>
		<form id="site_admin_addrole" title="Portal administration - add role"/>
		<form id="site_admin_roles" title="Portal administration - users and roles"/>
		<form id="site_admin_sources" title="Portal administration - other users sources"/>
		<form id="site_admin_translations" title="Portal administration - translate messages"/>
		<form id="site_admin_messages" title="Portal administration - messages' summary"/>
		<form id="site_admin_importexport" title="Portal administration - import export messages"/>
		<form id="site_admin_linkslists" title="Portal administration - lists of links"/>
		<form id="site_admin_linkslist" title="Portal administration - list of links"/>
		<form id="site_admin_reflists" title="Portal administration - selection lists"/>
		<form id="site_admin_reflist" title="Portal administration - list of items"/>
		<form id="site_admin_network" title="Portal administration - network portals"/>
		<form id="site_admin_basket" title="Portal administration - centralized basket form"/>
		<form id="site_admin_validation" title="Portal administration - content checking and validation"/>
		<form id="site_admin_validation_tree" title="Portal administration - reports of content checking and validation"/>
		<form id="site_admin_versioncontrol" title="Portal administration - version control"/>
		<form id="site_admin_maintopics" title="Portal administration - main sections"/>
		<form id="site_admin_localchannels" title="Portal administration - local channels"/>
		<form id="site_admin_remotechannels" title="Portal administration - remote channels"/>
		<form id="site_admin_leftportlets" title="Portal administration - left portlets section"/>
		<form id="site_admin_frontportlets" title="Portal administration - front portlets section"/>
		<form id="site_admin_rightportlets" title="Portal administration - right portlets section"/>
		<form id="site_admin_specialportlets" title="Portal administration - system portlets section"/>
		<form id="site_admin_remotechportlets" title="Portal administration - remote channels portlets section"/>
		<form id="site_admin_localchportlets" title="Portal administration - local channels section"/>
		<form id="site_admin_folderportlets" title="Portal administration - portlets for folders section"/>
		<form id="site_admin_linksportlets" title="Portal administration - list of links portlets section"/>
		<form id="site_admin_htmlportlets" title="Portal administration - html portlets section"/>
		<form id="site_admin_delmessages" title="Portal administration - delete message translations"/>
		<form id="site_admin_notifications" title="Portal administration - notifications settings"/>
		<form id="site_admin_notif_sitemap" title="Portal administration - notifications sitemap"/>
		<form id="sitemap_add" title="Sitemap for picklists"/>
		<form id="site_userprofile_macro" title="Macro for user profile's sheets"/>
		<form id="site_userprofile" title="Default user profile sheet"/>
	</forms>
	<layout default_skin_id="skin" default_scheme_id="scheme">
		<skin id="skin" title="Skin">
			<template id="site_header" title="Portal standard HTML header"/>
			<template id="site_footer" title="Portal standard HTML footer"/>
			<template id="portlet_left_macro" title="Macro for left portlets"/>
			<template id="portlet_center_macro" title="Macro for center portlets"/>
			<template id="portlet_right_macro" title="Macro for right portlets"/>
			<template id="folder_administration_macro" title="Folder administration macro page"/>
			<scheme id="scheme" title="Scheme">
				<style id="style" title="Main CSS"/>
				<style id="print" title="CSS for print media"/>
				<image id="screenshot.gif" title="Skin screenshot"/>
				<image id="tableft.gif" title="Tabbed menu item"/>
				<image id="tableft_on.gif" title="Tabbed menu item"/>
				<image id="tabright.gif" title="Tabbed menu item"/>
				<image id="tabright_on.gif" title="Tabbed menu item"/>
				<image id="addcomment.gif" title=""/>
				<image id="comment.gif" title=""/>
				<image id="logintoadd.gif" title=""/>
				<image id="trash.gif" title=""/>
				<image id="sort_asc.gif" title="Sort in ascending order"/>
				<image id="sort_desc.gif" title="Sort in descending order"/>
				<image id="translate.gif" title="Translating language"/>
			</scheme>
		</skin>
	</layout>
	<pluggablecontenttypes>
		<pluggablecontenttype meta_type="Naaya News" action="1"/>
		<pluggablecontenttype meta_type="Naaya Event" action="1"/>
		<pluggablecontenttype meta_type="Naaya Document" action="1"/>
		<pluggablecontenttype meta_type="Naaya URL" action="1"/>
		<pluggablecontenttype meta_type="Naaya File" action="1"/>
		<pluggablecontenttype meta_type="Naaya Pointer" action="1"/>
		<pluggablecontenttype meta_type="Naaya Story" action="1"/>
	</pluggablecontenttypes>
	<syndication>
		<namespace id="101" prefix="rdf" value="http://www.w3.org/1999/02/22-rdf-syntax-ns#"/>
		<namespace id="102" prefix="dc" value="http://purl.org/dc/elements/1.1/"/>
		<namespace id="103" prefix="ev" value="http://purl.org/rss/1.0/modules/event/"/>
		<namespace id="104" prefix="" value="http://purl.org/rss/1.0/"/>
		<channeltype id="News" title="News"/>
		<channeltype id="Events" title="Events"/>
		<channeltype id="Stories" title="Stories"/>
		<scriptchannel id="latestuploads_rdf" title="Latest uploads" description="Latest uploads" language="en" type="Miscellaneous" numberofitems="5"/>
		<scriptchannel id="latestnews_rdf" title="Latest news" description="Latest news" language="en" type="News" numberofitems="5"/>
		<scriptchannel id="lateststories_rdf" title="Selected stories" description="Selected stories" language="en" type="Stories" numberofitems="5"/>
		<scriptchannel id="upcomingevents_rdf" title="Upcoming events" description="Upcoming events" language="en" type="Events" numberofitems="5"/>
		<localchannel id="news_rdf" title="News" description="News" language="en" type="News" objmetatype="Naaya News" numberofitems="5"/>
		<!-- remotechannel id="" title="Example" url="http://" numbershownitems="10" /-->
	</syndication>
	<portlets left="portlet_maincategories" center="portlet_lateststories_rdf,portlet_latestnews_rdf,portlet_upcomingevents_rdf,portlet_latestuploads_rdf">
		<portlet id="portlet_administration" title="Administration" />
		<portlet id="portlet_maincategories" title="Main sections" />
		<portlet id="portlet_localchannels" title="Local channels" />
		<portlet id="portlet_folder_administration" title="Folder Administration"/>
		<linkslist id="topnav_links" title="Top navigation links" portlet="">
			<link id="102" title="Finsiel" description="Finsiel Romania" url="http://www.finsiel.ro" relative="0" permission="" order="2"/>
			<link id="103" title="Naaya" description="EnviroWindows Publisher" url="http://publisher.finsiel.ro/" relative="0" permission="" order="3"/>
		</linkslist>
		<linkslist id="menunav_links" title="Menu navigation links" portlet="">
			<link id="102" title="Login" description="Login page" url="login_html" relative="0" permission="" order="2"/>
			<link id="108" title="Other searches" description="" url="/external_search_html" relative="1" permission="" order="8"/>
			<link id="109" title="Sitemap" description="" url="/sitemap_html" relative="1" permission="" order="9"/>
			<link id="110" title="Administration" description="" url="/admin_centre_html" relative="1" permission="" order="10"/>
		</linkslist>
		<reflist id="event_types" title="Event types" description="Types of events used by Naaya Event objects. When adding or editing events, the end users will be able to choose from list below.">
			<item id="meeting" title="Meeting"/>
			<item id="event" title="Event"/>
			<item id="conference" title="Conference"/>
			<item id="other" title="Other"/>
		</reflist>
	</portlets>
	<properties>
		<language code="en" />
		<contenttype id="text/plain" title="TXT" picture="text.gif"/>
		<contenttype id="text/html" title="HTML" picture="html.gif"/>
		<contenttype id="text/xml" title="XML" picture="xml.gif"/>
		<contenttype id="image/gif" title="GIF" picture="image.gif"/>
		<contenttype id="image/pjpeg" title="JPEG" picture="image.gif"/>
		<contenttype id="image/jpeg" title="JPEG" picture="image.gif"/>
		<contenttype id="image/jpg" title="JPEG" picture="image.gif"/>
		<contenttype id="image/bmp" title="BMP" picture="image.gif"/>
		<contenttype id="image/png" title="PNG" picture="image.gif"/>
		<contenttype id="image/x-png" title="PNG" picture="image.gif"/>
		<contenttype id="application/octet-stream" title="BINARY" picture="stream.gif"/>
		<contenttype id="application/msword" title="DOC" picture="word.gif"/>
		<contenttype id="application/msaccess" title="MDB" picture="mdb.gif"/>
		<contenttype id="application/pdf" title="PDF" picture="pdf.gif"/>
		<contenttype id="application/vnd.ms-powerpoint" title="PPT" picture="ppt.gif"/>
		<contenttype id="application/vnd.ms-excel" title="XLS" picture="excel.gif"/>
		<contenttype id="application/x-zip-compressed" title="ZIP" picture="zip.gif"/>
	</properties>
	<emails>
		<emailtemplate id="email_feedback" title="Feedback"/>
		<emailtemplate id="email_notifyonerrors" title="Notification on errors"/>
		<emailtemplate id="email_requestrole" title="Request role"/>
		<emailtemplate id="email_notifyonupload" title="Upload notification"/>
	</emails>
	<security>
		<grouppermissions name="Browse content" description="Browse the site structure. This is the base privilege aimed for Anonymous users."
			permissions="Access Transient Objects,Access contents information,Access session data,Query Vocabulary,Search ZCatalog,Use Database Methods,Use mailhost services,View,WebDAV access,WebDAV Unlock items,WebDAV Lock items"/>
		<grouppermissions name="Add content" description="Create Naaya objects. Editing, publishing and deleting them are not granted as a part of thisprivilege."
			permissions="Naaya - Access administrative area,Naaya - Add Naaya Folder objects,Naaya - Add Naaya Document objects,Naaya - Add Naaya Event objects,Naaya - Add Naaya File objects,Naaya - Add Naaya News objects,Naaya - Add Naaya Pointer objects,Naaya - Add Naaya Story objects,Naaya - Add Naaya URL objects,Naaya - Add Naaya Photo,Naaya - Add Naaya Media File objects,Take ownership"/>
		<grouppermissions name="Add comments" description="Posibility to add comments for each type of content."
			permissions="Naaya - Add comments for content"/>
		<grouppermissions name="Edit content" description="Adding, publishing and deleting are not granted as a part of this privilege. Edit content is only allowed for owners if users do not have the 'Naaya - Publish content' permission."
			permissions="Naaya - Access administrative area,Naaya - Edit content,Take ownership"/>
		<grouppermissions name="Copy content" description="Copy content. Adding, publishing and deleting are not granted as a part of this privilege. In order to be able to paste the copied content, users must have the add permission in the target location."
			permissions="Naaya - Copy content,Take ownership"/>
		<grouppermissions name="Publish content" description="Publish Naaya objects. Adding, editing and deleting are not granted as a part of this privilege."
			permissions="Naaya - Access administrative area,Naaya - Publish content,Take ownership"/>
		<grouppermissions name="Delete content" description="Delete Naaya objects. Adding, publishing and editing are not granted as a part of this privilege. Delete content is only allowed for owners." 
			permissions="Naaya - Access administrative area,Naaya - Delete content,Take ownership,Naaya - Manage comments for content"/>
		<grouppermissions name="Validate content" description="Validate Naaya objects. Adding, editing and deleting are not granted as a part of this privilege."
			permissions="Naaya - Access administrative area,Naaya - Validate content,Take ownership"/>
		<grouppermissions name="Translate pages" description="Translate pages in the portal"
			permissions="Naaya - Access administrative area,Naaya - Translate pages"/>
		<grouppermissions name="Manage Users" description="Create/modify/delete users in the portal"
			permissions="Naaya - Access administrative area,Manage users"/>
		<role name="Anonymous" grouppermissions="Browse content" permissions=""/>
		<role name="Authenticated" grouppermissions="Add comments" permissions=""/>
		<role name="Contributor" grouppermissions="Add content" permissions=""/>
		<role name="Administrator" grouppermissions="Browse content,Add content,Add comments,Edit content,Copy content,Publish content,Delete content,Validate content,Translate pages,Manage Users" permissions=""/>
	</security>
	<notification>
		<newsmetatype meta_type="Naaya News" action="1"/>
		<newsmetatype meta_type="Naaya Story" action="1"/>
		<newsmetatype meta_type="Naaya Event" action="1"/>
		<uploadmetatype meta_type="Naaya URL" action="1"/>
		<uploadmetatype meta_type="Naaya Document" action="1"/>
		<uploadmetatype meta_type="Naaya File" action="1"/>
		<foldermetatype meta_type="Naaya Folder" action="1"/>
	</notification>
	<others>
		<favicon />
		<robots />
		<images />
		<nyexp_schema url="http://svn.eionet.eu.int/repositories/Zope/trunk/Naaya/NaayaDocuments/schemas/naaya/naaya-nyexp-1.0.0.xsd"/>
	</others>
</skel>
