<?xml version="1.0" encoding="UTF-8"?>
<!DOCTYPE xliff SYSTEM "http://www.oasis-open.org/committees/xliff/documents/xliff.dtd">
<!-- XLIFF Format Copyright © OASIS Open 2001-2003 -->
<xliff version="1.0">
<file
 original="semide_last1/glossary_coverage"
 product-name="NaayaGlossary"
 product-version="1.1.x"
 datatype="plaintext"
 source-language="English"
 target-language="Arabic"
 date="2006-06-15T12:43:38Z"
>
<body>
<trans-unit id="Albania" approved="1">
<source>Albania</source>
<target>ألبانيا</target>
<context-group name="A">A</context-group>
<note></note>
</trans-unit>
<trans-unit id="Algeria" approved="1">
<source>Algeria</source>
<target>الجزائر</target>
<context-group name="A">A</context-group>
<note></note>
</trans-unit>
<trans-unit id="Andorra" approved="1">
<source>Andorra</source>
<target>أندورا</target>
<context-group name="A">A</context-group>
<note></note>
</trans-unit>
<trans-unit id="Angola" approved="1">
<source>Angola</source>
<target>أنغولا</target>
<context-group name="A">A</context-group>
<note></note>
</trans-unit>
<trans-unit id="Argentina" approved="1">
<source>Argentina</source>
<target>الأرجنتين</target>
<context-group name="A">A</context-group>
<note></note>
</trans-unit>
<trans-unit id="Australia" approved="1">
<source>Australia</source>
<target>أستراليا</target>
<context-group name="A">A</context-group>
<note></note>
</trans-unit>
<trans-unit id="Austria" approved="1">
<source>Austria</source>
<target>النمسا</target>
<context-group name="A">A</context-group>
<note></note>
</trans-unit>
<trans-unit id="Bahrain" approved="1">
<source>Bahrain</source>
<target>البحرين</target>
<context-group name="B">B</context-group>
<note></note>
</trans-unit>
<trans-unit id="Belarus" approved="1">
<source>Belarus</source>
<target>بيلاروس</target>
<context-group name="B">B</context-group>
<note></note>
</trans-unit>
<trans-unit id="Belgium" approved="1">
<source>Belgium</source>
<target>بلجيكا</target>
<context-group name="B">B</context-group>
<note></note>
</trans-unit>
<trans-unit id="Benin" approved="1">
<source>Benin</source>
<target>بينن</target>
<context-group name="B">B</context-group>
<note></note>
</trans-unit>
<trans-unit id="Bolivia" approved="1">
<source>Bolivia</source>
<target>بوليفيا</target>
<context-group name="B">B</context-group>
<note></note>
</trans-unit>
<trans-unit id="Bosnia-Herzegovina" approved="1">
<source>Bosnia-Herzegovina</source>
<target>البوسنة والهرسك</target>
<context-group name="B">B</context-group>
<note></note>
</trans-unit>
<trans-unit id="Brazil" approved="1">
<source>Brazil</source>
<target>البرازيل</target>
<context-group name="B">B</context-group>
<note></note>
</trans-unit>
<trans-unit id="Bulgaria" approved="1">
<source>Bulgaria</source>
<target>بلغاريا</target>
<context-group name="B">B</context-group>
<note></note>
</trans-unit>
<trans-unit id="Burkina Faso" approved="1">
<source>Burkina Faso</source>
<target>بوركينا فاصو</target>
<context-group name="B">B</context-group>
<note></note>
</trans-unit>
<trans-unit id="Cambodia" approved="1">
<source>Cambodia</source>
<target>كمبوديا</target>
<context-group name="C">C</context-group>
<note></note>
</trans-unit>
<trans-unit id="Cameroon" approved="1">
<source>Cameroon</source>
<target>الكاميرون</target>
<context-group name="C">C</context-group>
<note></note>
</trans-unit>
<trans-unit id="Canada" approved="1">
<source>Canada</source>
<target>كندا</target>
<context-group name="C">C</context-group>
<note></note>
</trans-unit>
<trans-unit id="Central African Republic" approved="1">
<source>Central African Republic</source>
<target></target>
<context-group name="C">C</context-group>
<note></note>
</trans-unit>
<trans-unit id="Chad" approved="1">
<source>Chad</source>
<target>تشاد</target>
<context-group name="C">C</context-group>
<note></note>
</trans-unit>
<trans-unit id="Chile" approved="1">
<source>Chile</source>
<target>شيلي</target>
<context-group name="C">C</context-group>
<note></note>
</trans-unit>
<trans-unit id="China" approved="1">
<source>China</source>
<target>الصين</target>
<context-group name="C">C</context-group>
<note></note>
</trans-unit>
<trans-unit id="Colombia" approved="1">
<source>Colombia</source>
<target>كولومبيا</target>
<context-group name="C">C</context-group>
<note></note>
</trans-unit>
<trans-unit id="Congo" approved="1">
<source>Congo</source>
<target>الكونغو</target>
<context-group name="C">C</context-group>
<note></note>
</trans-unit>
<trans-unit id="Costa Rica" approved="1">
<source>Costa Rica</source>
<target>كوستاريكا</target>
<context-group name="C">C</context-group>
<note></note>
</trans-unit>
<trans-unit id="Croatia" approved="1">
<source>Croatia</source>
<target>كرواتيا</target>
<context-group name="C">C</context-group>
<note></note>
</trans-unit>
<trans-unit id="Cuba" approved="1">
<source>Cuba</source>
<target>كوبا</target>
<context-group name="C">C</context-group>
<note></note>
</trans-unit>
<trans-unit id="Cyprus" approved="1">
<source>Cyprus</source>
<target>قبرص</target>
<context-group name="C">C</context-group>
<note></note>
</trans-unit>
<trans-unit id="Czech Republic" approved="1">
<source>Czech Republic</source>
<target>الجمهورية التشيكية</target>
<context-group name="C">C</context-group>
<note></note>
</trans-unit>
<trans-unit id="Denmark" approved="1">
<source>Denmark</source>
<target>الدانمارك</target>
<context-group name="D">D</context-group>
<note></note>
</trans-unit>
<trans-unit id="Djibouti" approved="1">
<source>Djibouti</source>
<target>جيبوتي</target>
<context-group name="D">D</context-group>
<note></note>
</trans-unit>
<trans-unit id="Ecuador" approved="1">
<source>Ecuador</source>
<target>الإكوادور</target>
<context-group name="E">E</context-group>
<note></note>
</trans-unit>
<trans-unit id="Egypt" approved="1">
<source>Egypt</source>
<target>مصر</target>
<context-group name="E">E</context-group>
<note></note>
</trans-unit>
<trans-unit id="El Salvador" approved="1">
<source>El Salvador</source>
<target></target>
<context-group name="E">E</context-group>
<note></note>
</trans-unit>
<trans-unit id="Equatorial Guinea" approved="1">
<source>Equatorial Guinea</source>
<target>غينيا الإستوائية</target>
<context-group name="E">E</context-group>
<note></note>
</trans-unit>
<trans-unit id="Estonia" approved="1">
<source>Estonia</source>
<target>إستونيا</target>
<context-group name="E">E</context-group>
<note></note>
</trans-unit>
<trans-unit id="Ethiopia" approved="1">
<source>Ethiopia</source>
<target>إثيوبيا</target>
<context-group name="E">E</context-group>
<note></note>
</trans-unit>
<trans-unit id="Finland" approved="1">
<source>Finland</source>
<target>فنلندا</target>
<context-group name="F">F</context-group>
<note></note>
</trans-unit>
<trans-unit id="France" approved="1">
<source>France</source>
<target>فرنسا</target>
<context-group name="F">F</context-group>
<note></note>
</trans-unit>
<trans-unit id="Gabon" approved="1">
<source>Gabon</source>
<target>الغابون</target>
<context-group name="G">G</context-group>
<note></note>
</trans-unit>
<trans-unit id="Gambia" approved="1">
<source>Gambia</source>
<target>غامبيا</target>
<context-group name="G">G</context-group>
<note></note>
</trans-unit>
<trans-unit id="Georgia" approved="1">
<source>Georgia</source>
<target>جيورجيا</target>
<context-group name="G">G</context-group>
<note></note>
</trans-unit>
<trans-unit id="Germany" approved="1">
<source>Germany</source>
<target>ألمانيا</target>
<context-group name="G">G</context-group>
<note></note>
</trans-unit>
<trans-unit id="Ghana" approved="1">
<source>Ghana</source>
<target>غانا</target>
<context-group name="G">G</context-group>
<note></note>
</trans-unit>
<trans-unit id="Gibraltar" approved="1">
<source>Gibraltar</source>
<target></target>
<context-group name="G">G</context-group>
<note></note>
</trans-unit>
<trans-unit id="Greece" approved="1">
<source>Greece</source>
<target>اليونان</target>
<context-group name="G">G</context-group>
<note></note>
</trans-unit>
<trans-unit id="Guatemala" approved="1">
<source>Guatemala</source>
<target>غواتيمالا</target>
<context-group name="G">G</context-group>
<note></note>
</trans-unit>
<trans-unit id="Guinea" approved="1">
<source>Guinea</source>
<target>غينيا</target>
<context-group name="G">G</context-group>
<note></note>
</trans-unit>
<trans-unit id="Guinea Bissau" approved="1">
<source>Guinea Bissau</source>
<target>غينيا بيساو</target>
<context-group name="G">G</context-group>
<note></note>
</trans-unit>
<trans-unit id="Guyana" approved="1">
<source>Guyana</source>
<target>غيانا</target>
<context-group name="G">G</context-group>
<note></note>
</trans-unit>
<trans-unit id="Haiti" approved="1">
<source>Haiti</source>
<target>هاييتى</target>
<context-group name="H">H</context-group>
<note></note>
</trans-unit>
<trans-unit id="Honduras" approved="1">
<source>Honduras</source>
<target>هندوراس</target>
<context-group name="H">H</context-group>
<note></note>
</trans-unit>
<trans-unit id="Hungary" approved="1">
<source>Hungary</source>
<target>هونغاريا</target>
<context-group name="H">H</context-group>
<note></note>
</trans-unit>
<trans-unit id="Iceland" approved="1">
<source>Iceland</source>
<target>أيسلندا</target>
<context-group name="I">I</context-group>
<note></note>
</trans-unit>
<trans-unit id="India" approved="1">
<source>India</source>
<target>الهند</target>
<context-group name="I">I</context-group>
<note></note>
</trans-unit>
<trans-unit id="Indonesia" approved="1">
<source>Indonesia</source>
<target>إندونيسيا</target>
<context-group name="I">I</context-group>
<note></note>
</trans-unit>
<trans-unit id="Iran" approved="1">
<source>Iran</source>
<target>ايران (جمهورية - الاسلامية)</target>
<context-group name="I">I</context-group>
<note></note>
</trans-unit>
<trans-unit id="Iraq" approved="1">
<source>Iraq</source>
<target>العراق</target>
<context-group name="I">I</context-group>
<note></note>
</trans-unit>
<trans-unit id="Ireland" approved="1">
<source>Ireland</source>
<target>إيرلندا </target>
<context-group name="I">I</context-group>
<note></note>
</trans-unit>
<trans-unit id="Israel" approved="1">
<source>Israel</source>
<target>إسرائيل</target>
<context-group name="I">I</context-group>
<note></note>
</trans-unit>
<trans-unit id="Italy" approved="1">
<source>Italy</source>
<target>إيطاليا</target>
<context-group name="I">I</context-group>
<note></note>
</trans-unit>
<trans-unit id="Ivory Coast" approved="1">
<source>Ivory Coast</source>
<target>كوت ديفوار</target>
<context-group name="I">I</context-group>
<note></note>
</trans-unit>
<trans-unit id="Jamaica" approved="1">
<source>Jamaica</source>
<target>جامايكا</target>
<context-group name="J">J</context-group>
<note></note>
</trans-unit>
<trans-unit id="Japan" approved="1">
<source>Japan</source>
<target>اليابان</target>
<context-group name="J">J</context-group>
<note></note>
</trans-unit>
<trans-unit id="Jordan" approved="1">
<source>Jordan</source>
<target>الأردن</target>
<context-group name="J">J</context-group>
<note></note>
</trans-unit>
<trans-unit id="Kazachstan" approved="1">
<source>Kazachstan</source>
<target>كازاخستان</target>
<context-group name="K">K</context-group>
<note></note>
</trans-unit>
<trans-unit id="Kenya" approved="1">
<source>Kenya</source>
<target>كينيا</target>
<context-group name="K">K</context-group>
<note></note>
</trans-unit>
<trans-unit id="Kirgistan" approved="1">
<source>Kirgistan</source>
<target>قيرغستان</target>
<context-group name="K">K</context-group>
<note></note>
</trans-unit>
<trans-unit id="Kuwait" approved="1">
<source>Kuwait</source>
<target>الكويت</target>
<context-group name="K">K</context-group>
<note></note>
</trans-unit>
<trans-unit id="Laos" approved="1">
<source>Laos</source>
<target>جمهورية لاو الديمقراطية الشعبية</target>
<context-group name="L">L</context-group>
<note></note>
</trans-unit>
<trans-unit id="Latvia" approved="1">
<source>Latvia</source>
<target>لاتفيا</target>
<context-group name="L">L</context-group>
<note></note>
</trans-unit>
<trans-unit id="Lebanon" approved="1">
<source>Lebanon</source>
<target>لبنان</target>
<context-group name="L">L</context-group>
<note></note>
</trans-unit>
<trans-unit id="Lesotho" approved="1">
<source>Lesotho</source>
<target>ليسوتو</target>
<context-group name="L">L</context-group>
<note></note>
</trans-unit>
<trans-unit id="Liberia" approved="1">
<source>Liberia</source>
<target>ليبيريا</target>
<context-group name="L">L</context-group>
<note></note>
</trans-unit>
<trans-unit id="Libya" approved="1">
<source>Libya</source>
<target>الجماهيرية العربية الليبية</target>
<context-group name="L">L</context-group>
<note></note>
</trans-unit>
<trans-unit id="Liechtenstein" approved="1">
<source>Liechtenstein</source>
<target>ليختنشتاين</target>
<context-group name="L">L</context-group>
<note></note>
</trans-unit>
<trans-unit id="Lithuania" approved="1">
<source>Lithuania</source>
<target>لتوانيا</target>
<context-group name="L">L</context-group>
<note></note>
</trans-unit>
<trans-unit id="Luxembourg" approved="1">
<source>Luxembourg</source>
<target>لكسمبورغ</target>
<context-group name="L">L</context-group>
<note></note>
</trans-unit>
<trans-unit id="Madagascar" approved="1">
<source>Madagascar</source>
<target>مدغشقر</target>
<context-group name="M">M</context-group>
<note></note>
</trans-unit>
<trans-unit id="Malawi" approved="1">
<source>Malawi</source>
<target>مالاوي</target>
<context-group name="M">M</context-group>
<note></note>
</trans-unit>
<trans-unit id="Malaysia" approved="1">
<source>Malaysia</source>
<target>ماليزيا</target>
<context-group name="M">M</context-group>
<note></note>
</trans-unit>
<trans-unit id="Maldives" approved="1">
<source>Maldives</source>
<target>المالديف</target>
<context-group name="M">M</context-group>
<note></note>
</trans-unit>
<trans-unit id="Mali" approved="1">
<source>Mali</source>
<target>مالي</target>
<context-group name="M">M</context-group>
<note></note>
</trans-unit>
<trans-unit id="Malta" approved="1">
<source>Malta</source>
<target>مالطا</target>
<context-group name="M">M</context-group>
<note></note>
</trans-unit>
<trans-unit id="Mauritania" approved="1">
<source>Mauritania</source>
<target>موريتانيا </target>
<context-group name="M">M</context-group>
<note></note>
</trans-unit>
<trans-unit id="Mauritius" approved="1">
<source>Mauritius</source>
<target>موريشيوس</target>
<context-group name="M">M</context-group>
<note></note>
</trans-unit>
<trans-unit id="Mexico" approved="1">
<source>Mexico</source>
<target>المكسيك</target>
<context-group name="M">M</context-group>
<note></note>
</trans-unit>
<trans-unit id="Moldavia" approved="1">
<source>Moldavia</source>
<target>جمهورية مولدوفا</target>
<context-group name="M">M</context-group>
<note></note>
</trans-unit>
<trans-unit id="Monaco" approved="1">
<source>Monaco</source>
<target>موناكو </target>
<context-group name="M">M</context-group>
<note></note>
</trans-unit>
<trans-unit id="Mongolia" approved="1">
<source>Mongolia</source>
<target>منغوليا </target>
<context-group name="M">M</context-group>
<note></note>
</trans-unit>
<trans-unit id="Morocco" approved="1">
<source>Morocco</source>
<target>المغرب </target>
<context-group name="M">M</context-group>
<note></note>
</trans-unit>
<trans-unit id="Mozambique" approved="1">
<source>Mozambique</source>
<target>موزمبيق</target>
<context-group name="M">M</context-group>
<note></note>
</trans-unit>
<trans-unit id="Namibia" approved="1">
<source>Namibia</source>
<target>ناميبيا </target>
<context-group name="N">N</context-group>
<note></note>
</trans-unit>
<trans-unit id="Nepal" approved="1">
<source>Nepal</source>
<target>نيبال</target>
<context-group name="N">N</context-group>
<note></note>
</trans-unit>
<trans-unit id="Netherlands" approved="1">
<source>Netherlands</source>
<target>هولندا </target>
<context-group name="N">N</context-group>
<note></note>
</trans-unit>
<trans-unit id="New Zealand" approved="1">
<source>New Zealand</source>
<target>نيوزيلاندا</target>
<context-group name="N">N</context-group>
<note></note>
</trans-unit>
<trans-unit id="Nicaragua" approved="1">
<source>Nicaragua</source>
<target>نيكاراغوا</target>
<context-group name="N">N</context-group>
<note></note>
</trans-unit>
<trans-unit id="Niger" approved="1">
<source>Niger</source>
<target>النيجر</target>
<context-group name="N">N</context-group>
<note></note>
</trans-unit>
<trans-unit id="Nigeria" approved="1">
<source>Nigeria</source>
<target>نيجيريا</target>
<context-group name="N">N</context-group>
<note></note>
</trans-unit>
<trans-unit id="North Korea" approved="1">
<source>North Korea</source>
<target>جمهورية كوريا الشعبية الديمقراطية</target>
<context-group name="N">N</context-group>
<note></note>
</trans-unit>
<trans-unit id="Norway" approved="1">
<source>Norway</source>
<target>النرويج </target>
<context-group name="N">N</context-group>
<note></note>
</trans-unit>
<trans-unit id="Oman" approved="1">
<source>Oman</source>
<target>عمان</target>
<context-group name="O">O</context-group>
<note></note>
</trans-unit>
<trans-unit id="Pakistan" approved="1">
<source>Pakistan</source>
<target>الباكستان</target>
<context-group name="P">P</context-group>
<note></note>
</trans-unit>
<trans-unit id="Palestine" approved="1">
<source>Palestine</source>
<target></target>
<context-group name="P">P</context-group>
<note></note>
</trans-unit>
<trans-unit id="Panama" approved="1">
<source>Panama</source>
<target>بنما</target>
<context-group name="P">P</context-group>
<note></note>
</trans-unit>
<trans-unit id="Paraguay" approved="1">
<source>Paraguay</source>
<target>براغواي</target>
<context-group name="P">P</context-group>
<note></note>
</trans-unit>
<trans-unit id="Peru" approved="1">
<source>Peru</source>
<target>بيرو</target>
<context-group name="P">P</context-group>
<note></note>
</trans-unit>
<trans-unit id="Philippines" approved="1">
<source>Philippines</source>
<target>الفلبين</target>
<context-group name="P">P</context-group>
<note></note>
</trans-unit>
<trans-unit id="Poland" approved="1">
<source>Poland</source>
<target>بولندا</target>
<context-group name="P">P</context-group>
<note></note>
</trans-unit>
<trans-unit id="Portugal" approved="1">
<source>Portugal</source>
<target>البرتغال</target>
<context-group name="P">P</context-group>
<note></note>
</trans-unit>
<trans-unit id="Qatar" approved="1">
<source>Qatar</source>
<target>قطر</target>
<context-group name="Q">Q</context-group>
<note></note>
</trans-unit>
<trans-unit id="Romania" approved="1">
<source>Romania</source>
<target>رومانيا </target>
<context-group name="R">R</context-group>
<note></note>
</trans-unit>
<trans-unit id="Russian Federation" approved="1">
<source>Russian Federation</source>
<target>الاتحاد الروسى</target>
<context-group name="R">R</context-group>
<note></note>
</trans-unit>
<trans-unit id="Rwanda" approved="1">
<source>Rwanda</source>
<target>رواندا </target>
<context-group name="R">R</context-group>
<note></note>
</trans-unit>
<trans-unit id="San Marino" approved="1">
<source>San Marino</source>
<target>سان مارينو</target>
<context-group name="S">S</context-group>
<note></note>
</trans-unit>
<trans-unit id="Saudi Arabia" approved="1">
<source>Saudi Arabia</source>
<target>العربية السعودية</target>
<context-group name="S">S</context-group>
<note></note>
</trans-unit>
<trans-unit id="Senegal" approved="1">
<source>Senegal</source>
<target>السنغال </target>
<context-group name="S">S</context-group>
<note></note>
</trans-unit>
<trans-unit id="Seychelles" approved="1">
<source>Seychelles</source>
<target>سيشل</target>
<context-group name="S">S</context-group>
<note></note>
</trans-unit>
<trans-unit id="Sierra Leone" approved="1">
<source>Sierra Leone</source>
<target>سيراليون  </target>
<context-group name="S">S</context-group>
<note></note>
</trans-unit>
<trans-unit id="Singapore" approved="1">
<source>Singapore</source>
<target>سنغافورة </target>
<context-group name="S">S</context-group>
<note></note>
</trans-unit>
<trans-unit id="Slovak Republic" approved="1">
<source>Slovak Republic</source>
<target>الجمهورية السلوفاكية</target>
<context-group name="S">S</context-group>
<note></note>
</trans-unit>
<trans-unit id="Slovenia" approved="1">
<source>Slovenia</source>
<target>سلوفينيا</target>
<context-group name="S">S</context-group>
<note></note>
</trans-unit>
<trans-unit id="Somalia" approved="1">
<source>Somalia</source>
<target>الصومال </target>
<context-group name="S">S</context-group>
<note></note>
</trans-unit>
<trans-unit id="South Africa" approved="1">
<source>South Africa</source>
<target>جنوب إفريقيا</target>
<context-group name="S">S</context-group>
<note></note>
</trans-unit>
<trans-unit id="South Korea" approved="1">
<source>South Korea</source>
<target>جمهورية كوريا</target>
<context-group name="S">S</context-group>
<note></note>
</trans-unit>
<trans-unit id="Spain" approved="1">
<source>Spain</source>
<target>أسبانيا</target>
<context-group name="S">S</context-group>
<note></note>
</trans-unit>
<trans-unit id="Sri Lanka" approved="1">
<source>Sri Lanka</source>
<target>سيريلانكا</target>
<context-group name="S">S</context-group>
<note></note>
</trans-unit>
<trans-unit id="Sudan" approved="1">
<source>Sudan</source>
<target>السودان</target>
<context-group name="S">S</context-group>
<note></note>
</trans-unit>
<trans-unit id="Suriname" approved="1">
<source>Suriname</source>
<target>سورينام</target>
<context-group name="S">S</context-group>
<note></note>
</trans-unit>
<trans-unit id="Sweden" approved="1">
<source>Sweden</source>
<target>السويد</target>
<context-group name="S">S</context-group>
<note></note>
</trans-unit>
<trans-unit id="Switzerland" approved="1">
<source>Switzerland</source>
<target>سويسرا </target>
<context-group name="S">S</context-group>
<note></note>
</trans-unit>
<trans-unit id="Syria" approved="1">
<source>Syria</source>
<target>الجمهورية العربية السورية</target>
<context-group name="S">S</context-group>
<note></note>
</trans-unit>
<trans-unit id="Tadjikistan" approved="1">
<source>Tadjikistan</source>
<target>طاجيكستان</target>
<context-group name="T">T</context-group>
<note></note>
</trans-unit>
<trans-unit id="Taiwan" approved="1">
<source>Taiwan</source>
<target></target>
<context-group name="T">T</context-group>
<note></note>
</trans-unit>
<trans-unit id="Tanzania" approved="1">
<source>Tanzania</source>
<target>جمهورية تنزانيا المتحدة</target>
<context-group name="T">T</context-group>
<note></note>
</trans-unit>
<trans-unit id="Thailand" approved="1">
<source>Thailand</source>
<target>تايلاند</target>
<context-group name="T">T</context-group>
<note></note>
</trans-unit>
<trans-unit id="Togo" approved="1">
<source>Togo</source>
<target>توغو</target>
<context-group name="T">T</context-group>
<note></note>
</trans-unit>
<trans-unit id="Tunisia" approved="1">
<source>Tunisia</source>
<target>تونس</target>
<context-group name="T">T</context-group>
<note></note>
</trans-unit>
<trans-unit id="Turkey" approved="1">
<source>Turkey</source>
<target>تركيا</target>
<context-group name="T">T</context-group>
<note></note>
</trans-unit>
<trans-unit id="Turkmenistan" approved="1">
<source>Turkmenistan</source>
<target>تركمانستان</target>
<context-group name="T">T</context-group>
<note></note>
</trans-unit>
<trans-unit id="Uganda" approved="1">
<source>Uganda</source>
<target>أوغندا</target>
<context-group name="U">U</context-group>
<note></note>
</trans-unit>
<trans-unit id="Ukraine" approved="1">
<source>Ukraine</source>
<target>أكرانيا</target>
<context-group name="U">U</context-group>
<note></note>
</trans-unit>
<trans-unit id="United Arab Emirates" approved="1">
<source>United Arab Emirates</source>
<target>الإمارات العربية المتحدة</target>
<context-group name="U">U</context-group>
<note></note>
</trans-unit>
<trans-unit id="United Kingdom" approved="1">
<source>United Kingdom</source>
<target>المملكة المتحدة</target>
<context-group name="U">U</context-group>
<note></note>
</trans-unit>
<trans-unit id="United States" approved="1">
<source>United States</source>
<target>الولايات المتحدة الأميركية</target>
<context-group name="U">U</context-group>
<note></note>
</trans-unit>
<trans-unit id="Uruguay" approved="1">
<source>Uruguay</source>
<target>أوروغواي</target>
<context-group name="U">U</context-group>
<note></note>
</trans-unit>
<trans-unit id="Uzbekistan" approved="1">
<source>Uzbekistan</source>
<target>أوزبكستان</target>
<context-group name="U">U</context-group>
<note></note>
</trans-unit>
<trans-unit id="Venezuela" approved="1">
<source>Venezuela</source>
<target>فنزويلا</target>
<context-group name="V">V</context-group>
<note></note>
</trans-unit>
<trans-unit id="Vietnam" approved="1">
<source>Vietnam</source>
<target>فيتنام</target>
<context-group name="V">V</context-group>
<note></note>
</trans-unit>
<trans-unit id="Yemen" approved="1">
<source>Yemen</source>
<target>اليمن</target>
<context-group name="Y">Y</context-group>
<note></note>
</trans-unit>
<trans-unit id="Zambia" approved="1">
<source>Zambia</source>
<target>زامبيا </target>
<context-group name="Z">Z</context-group>
<note></note>
</trans-unit>
<trans-unit id="Zimbabwe" approved="1">
<source>Zimbabwe</source>
<target>زيمبابوى</target>
<context-group name="Z">Z</context-group>
<note></note>
</trans-unit>
</body>
</file>
</xliff>