<?xml version="1.0" encoding="UTF-8"?>
<!DOCTYPE xliff SYSTEM "http://www.oasis-open.org/committees/xliff/documents/xliff.dtd">
<!-- XLIFF Format Copyright © OASIS Open 2001-2003 -->
<xliff version="1.0">
<file
 original="semide_last1/glossary_coverage"
 product-name="NaayaGlossary"
 product-version="1.1.x"
 datatype="plaintext"
 source-language="English"
 target-language="French"
 date="2006-06-15T12:44:09Z"
>
<body>
<trans-unit id="Albania" approved="1">
<source>Albania</source>
<target>Albanie</target>
<context-group name="A">A</context-group>
<note></note>
</trans-unit>
<trans-unit id="Algeria" approved="1">
<source>Algeria</source>
<target>Algérie</target>
<context-group name="A">A</context-group>
<note></note>
</trans-unit>
<trans-unit id="Andorra" approved="1">
<source>Andorra</source>
<target>Andorre</target>
<context-group name="A">A</context-group>
<note></note>
</trans-unit>
<trans-unit id="Angola" approved="1">
<source>Angola</source>
<target>Angola</target>
<context-group name="A">A</context-group>
<note></note>
</trans-unit>
<trans-unit id="Argentina" approved="1">
<source>Argentina</source>
<target>Argentine</target>
<context-group name="A">A</context-group>
<note></note>
</trans-unit>
<trans-unit id="Australia" approved="1">
<source>Australia</source>
<target>Australie</target>
<context-group name="A">A</context-group>
<note></note>
</trans-unit>
<trans-unit id="Austria" approved="1">
<source>Austria</source>
<target>Autriche</target>
<context-group name="A">A</context-group>
<note></note>
</trans-unit>
<trans-unit id="Bahrain" approved="1">
<source>Bahrain</source>
<target>Bahrein</target>
<context-group name="B">B</context-group>
<note></note>
</trans-unit>
<trans-unit id="Belarus" approved="1">
<source>Belarus</source>
<target>Biélorussie</target>
<context-group name="B">B</context-group>
<note></note>
</trans-unit>
<trans-unit id="Belgium" approved="1">
<source>Belgium</source>
<target>Belgique</target>
<context-group name="B">B</context-group>
<note></note>
</trans-unit>
<trans-unit id="Benin" approved="1">
<source>Benin</source>
<target>Bénin</target>
<context-group name="B">B</context-group>
<note></note>
</trans-unit>
<trans-unit id="Bolivia" approved="1">
<source>Bolivia</source>
<target>Bolivie</target>
<context-group name="B">B</context-group>
<note></note>
</trans-unit>
<trans-unit id="Bosnia-Herzegovina" approved="1">
<source>Bosnia-Herzegovina</source>
<target></target>
<context-group name="B">B</context-group>
<note></note>
</trans-unit>
<trans-unit id="Brazil" approved="1">
<source>Brazil</source>
<target>Brésil</target>
<context-group name="B">B</context-group>
<note></note>
</trans-unit>
<trans-unit id="Bulgaria" approved="1">
<source>Bulgaria</source>
<target>Bulgarie</target>
<context-group name="B">B</context-group>
<note></note>
</trans-unit>
<trans-unit id="Burkina Faso" approved="1">
<source>Burkina Faso</source>
<target>Burkina Faso</target>
<context-group name="B">B</context-group>
<note></note>
</trans-unit>
<trans-unit id="Cambodia" approved="1">
<source>Cambodia</source>
<target>Cambodge</target>
<context-group name="C">C</context-group>
<note></note>
</trans-unit>
<trans-unit id="Cameroon" approved="1">
<source>Cameroon</source>
<target>Cameroun</target>
<context-group name="C">C</context-group>
<note></note>
</trans-unit>
<trans-unit id="Canada" approved="1">
<source>Canada</source>
<target>Canada</target>
<context-group name="C">C</context-group>
<note></note>
</trans-unit>
<trans-unit id="Central African Republic" approved="1">
<source>Central African Republic</source>
<target>Centre-Afrique</target>
<context-group name="C">C</context-group>
<note></note>
</trans-unit>
<trans-unit id="Chad" approved="1">
<source>Chad</source>
<target>Tchad</target>
<context-group name="C">C</context-group>
<note></note>
</trans-unit>
<trans-unit id="Chile" approved="1">
<source>Chile</source>
<target>Chili</target>
<context-group name="C">C</context-group>
<note></note>
</trans-unit>
<trans-unit id="China" approved="1">
<source>China</source>
<target>Chine</target>
<context-group name="C">C</context-group>
<note></note>
</trans-unit>
<trans-unit id="Colombia" approved="1">
<source>Colombia</source>
<target>Colombie</target>
<context-group name="C">C</context-group>
<note></note>
</trans-unit>
<trans-unit id="Congo" approved="1">
<source>Congo</source>
<target>Congo</target>
<context-group name="C">C</context-group>
<note></note>
</trans-unit>
<trans-unit id="Costa Rica" approved="1">
<source>Costa Rica</source>
<target>Costa Rica</target>
<context-group name="C">C</context-group>
<note></note>
</trans-unit>
<trans-unit id="Croatia" approved="1">
<source>Croatia</source>
<target>Croatie</target>
<context-group name="C">C</context-group>
<note></note>
</trans-unit>
<trans-unit id="Cuba" approved="1">
<source>Cuba</source>
<target>Cuba</target>
<context-group name="C">C</context-group>
<note></note>
</trans-unit>
<trans-unit id="Cyprus" approved="1">
<source>Cyprus</source>
<target>Chypre</target>
<context-group name="C">C</context-group>
<note></note>
</trans-unit>
<trans-unit id="Czech Republic" approved="1">
<source>Czech Republic</source>
<target>Tchéquie</target>
<context-group name="C">C</context-group>
<note></note>
</trans-unit>
<trans-unit id="Denmark" approved="1">
<source>Denmark</source>
<target>Danemark</target>
<context-group name="D">D</context-group>
<note></note>
</trans-unit>
<trans-unit id="Djibouti" approved="1">
<source>Djibouti</source>
<target>Djibouti</target>
<context-group name="D">D</context-group>
<note></note>
</trans-unit>
<trans-unit id="Ecuador" approved="1">
<source>Ecuador</source>
<target>Equateur</target>
<context-group name="E">E</context-group>
<note></note>
</trans-unit>
<trans-unit id="Egypt" approved="1">
<source>Egypt</source>
<target>Egypte</target>
<context-group name="E">E</context-group>
<note></note>
</trans-unit>
<trans-unit id="El Salvador" approved="1">
<source>El Salvador</source>
<target>El Salvador</target>
<context-group name="E">E</context-group>
<note></note>
</trans-unit>
<trans-unit id="Equatorial Guinea" approved="1">
<source>Equatorial Guinea</source>
<target>Guinée Equatoriale</target>
<context-group name="E">E</context-group>
<note></note>
</trans-unit>
<trans-unit id="Estonia" approved="1">
<source>Estonia</source>
<target>Estonie</target>
<context-group name="E">E</context-group>
<note></note>
</trans-unit>
<trans-unit id="Ethiopia" approved="1">
<source>Ethiopia</source>
<target>Ethiopie</target>
<context-group name="E">E</context-group>
<note></note>
</trans-unit>
<trans-unit id="Finland" approved="1">
<source>Finland</source>
<target>Finlande</target>
<context-group name="F">F</context-group>
<note></note>
</trans-unit>
<trans-unit id="France" approved="1">
<source>France</source>
<target>France</target>
<context-group name="F">F</context-group>
<note></note>
</trans-unit>
<trans-unit id="Gabon" approved="1">
<source>Gabon</source>
<target>Gabon</target>
<context-group name="G">G</context-group>
<note></note>
</trans-unit>
<trans-unit id="Gambia" approved="1">
<source>Gambia</source>
<target>Gambie</target>
<context-group name="G">G</context-group>
<note></note>
</trans-unit>
<trans-unit id="Georgia" approved="1">
<source>Georgia</source>
<target>Géorgie</target>
<context-group name="G">G</context-group>
<note></note>
</trans-unit>
<trans-unit id="Germany" approved="1">
<source>Germany</source>
<target>Allemagne</target>
<context-group name="G">G</context-group>
<note></note>
</trans-unit>
<trans-unit id="Ghana" approved="1">
<source>Ghana</source>
<target>Ghana</target>
<context-group name="G">G</context-group>
<note></note>
</trans-unit>
<trans-unit id="Gibraltar" approved="1">
<source>Gibraltar</source>
<target>Gibraltar</target>
<context-group name="G">G</context-group>
<note></note>
</trans-unit>
<trans-unit id="Greece" approved="1">
<source>Greece</source>
<target>Grèce</target>
<context-group name="G">G</context-group>
<note></note>
</trans-unit>
<trans-unit id="Guatemala" approved="1">
<source>Guatemala</source>
<target>Guatemala</target>
<context-group name="G">G</context-group>
<note></note>
</trans-unit>
<trans-unit id="Guinea" approved="1">
<source>Guinea</source>
<target>Guinée</target>
<context-group name="G">G</context-group>
<note></note>
</trans-unit>
<trans-unit id="Guinea Bissau" approved="1">
<source>Guinea Bissau</source>
<target>Guinée Bissau</target>
<context-group name="G">G</context-group>
<note></note>
</trans-unit>
<trans-unit id="Guyana" approved="1">
<source>Guyana</source>
<target>Guyane</target>
<context-group name="G">G</context-group>
<note></note>
</trans-unit>
<trans-unit id="Haiti" approved="1">
<source>Haiti</source>
<target>Haïti</target>
<context-group name="H">H</context-group>
<note></note>
</trans-unit>
<trans-unit id="Honduras" approved="1">
<source>Honduras</source>
<target>Honduras</target>
<context-group name="H">H</context-group>
<note></note>
</trans-unit>
<trans-unit id="Hungary" approved="1">
<source>Hungary</source>
<target>Hongrie</target>
<context-group name="H">H</context-group>
<note></note>
</trans-unit>
<trans-unit id="Iceland" approved="1">
<source>Iceland</source>
<target>Islande</target>
<context-group name="I">I</context-group>
<note></note>
</trans-unit>
<trans-unit id="India" approved="1">
<source>India</source>
<target>Inde</target>
<context-group name="I">I</context-group>
<note></note>
</trans-unit>
<trans-unit id="Indonesia" approved="1">
<source>Indonesia</source>
<target>Indonésie</target>
<context-group name="I">I</context-group>
<note></note>
</trans-unit>
<trans-unit id="Iran" approved="1">
<source>Iran</source>
<target>Iran</target>
<context-group name="I">I</context-group>
<note></note>
</trans-unit>
<trans-unit id="Iraq" approved="1">
<source>Iraq</source>
<target>Irak</target>
<context-group name="I">I</context-group>
<note></note>
</trans-unit>
<trans-unit id="Ireland" approved="1">
<source>Ireland</source>
<target>Irlande</target>
<context-group name="I">I</context-group>
<note></note>
</trans-unit>
<trans-unit id="Israel" approved="1">
<source>Israel</source>
<target>Israël</target>
<context-group name="I">I</context-group>
<note></note>
</trans-unit>
<trans-unit id="Italy" approved="1">
<source>Italy</source>
<target>Italie</target>
<context-group name="I">I</context-group>
<note></note>
</trans-unit>
<trans-unit id="Ivory Coast" approved="1">
<source>Ivory Coast</source>
<target>Côte d'Ivoire</target>
<context-group name="I">I</context-group>
<note></note>
</trans-unit>
<trans-unit id="Jamaica" approved="1">
<source>Jamaica</source>
<target>Jamaïque</target>
<context-group name="J">J</context-group>
<note></note>
</trans-unit>
<trans-unit id="Japan" approved="1">
<source>Japan</source>
<target>Japon</target>
<context-group name="J">J</context-group>
<note></note>
</trans-unit>
<trans-unit id="Jordan" approved="1">
<source>Jordan</source>
<target>Jordanie</target>
<context-group name="J">J</context-group>
<note></note>
</trans-unit>
<trans-unit id="Kazachstan" approved="1">
<source>Kazachstan</source>
<target>Kazakhstan</target>
<context-group name="K">K</context-group>
<note></note>
</trans-unit>
<trans-unit id="Kenya" approved="1">
<source>Kenya</source>
<target>Kenya</target>
<context-group name="K">K</context-group>
<note></note>
</trans-unit>
<trans-unit id="Kirgistan" approved="1">
<source>Kirgistan</source>
<target>Kirghizistan</target>
<context-group name="K">K</context-group>
<note></note>
</trans-unit>
<trans-unit id="Kuwait" approved="1">
<source>Kuwait</source>
<target>Koweït</target>
<context-group name="K">K</context-group>
<note></note>
</trans-unit>
<trans-unit id="Laos" approved="1">
<source>Laos</source>
<target>Laos</target>
<context-group name="L">L</context-group>
<note></note>
</trans-unit>
<trans-unit id="Latvia" approved="1">
<source>Latvia</source>
<target>Lettonie</target>
<context-group name="L">L</context-group>
<note></note>
</trans-unit>
<trans-unit id="Lebanon" approved="1">
<source>Lebanon</source>
<target>Liban</target>
<context-group name="L">L</context-group>
<note></note>
</trans-unit>
<trans-unit id="Lesotho" approved="1">
<source>Lesotho</source>
<target>Lesotho</target>
<context-group name="L">L</context-group>
<note></note>
</trans-unit>
<trans-unit id="Liberia" approved="1">
<source>Liberia</source>
<target>Libéria</target>
<context-group name="L">L</context-group>
<note></note>
</trans-unit>
<trans-unit id="Libya" approved="1">
<source>Libya</source>
<target>Libye</target>
<context-group name="L">L</context-group>
<note></note>
</trans-unit>
<trans-unit id="Liechtenstein" approved="1">
<source>Liechtenstein</source>
<target>Liechtenstein</target>
<context-group name="L">L</context-group>
<note></note>
</trans-unit>
<trans-unit id="Lithuania" approved="1">
<source>Lithuania</source>
<target>Lituanie</target>
<context-group name="L">L</context-group>
<note></note>
</trans-unit>
<trans-unit id="Luxembourg" approved="1">
<source>Luxembourg</source>
<target>Luxembourg</target>
<context-group name="L">L</context-group>
<note></note>
</trans-unit>
<trans-unit id="Madagascar" approved="1">
<source>Madagascar</source>
<target>Madagascar</target>
<context-group name="M">M</context-group>
<note></note>
</trans-unit>
<trans-unit id="Malawi" approved="1">
<source>Malawi</source>
<target>Malawi</target>
<context-group name="M">M</context-group>
<note></note>
</trans-unit>
<trans-unit id="Malaysia" approved="1">
<source>Malaysia</source>
<target>Malaisie</target>
<context-group name="M">M</context-group>
<note></note>
</trans-unit>
<trans-unit id="Maldives" approved="1">
<source>Maldives</source>
<target>Maldives</target>
<context-group name="M">M</context-group>
<note></note>
</trans-unit>
<trans-unit id="Mali" approved="1">
<source>Mali</source>
<target>Mali</target>
<context-group name="M">M</context-group>
<note></note>
</trans-unit>
<trans-unit id="Malta" approved="1">
<source>Malta</source>
<target>Malte</target>
<context-group name="M">M</context-group>
<note></note>
</trans-unit>
<trans-unit id="Mauritania" approved="1">
<source>Mauritania</source>
<target>Mauritanie</target>
<context-group name="M">M</context-group>
<note></note>
</trans-unit>
<trans-unit id="Mauritius" approved="1">
<source>Mauritius</source>
<target>Ile Maurice</target>
<context-group name="M">M</context-group>
<note></note>
</trans-unit>
<trans-unit id="Mexico" approved="1">
<source>Mexico</source>
<target>Mexique</target>
<context-group name="M">M</context-group>
<note></note>
</trans-unit>
<trans-unit id="Moldavia" approved="1">
<source>Moldavia</source>
<target>Moldavie</target>
<context-group name="M">M</context-group>
<note></note>
</trans-unit>
<trans-unit id="Monaco" approved="1">
<source>Monaco</source>
<target>Monaco</target>
<context-group name="M">M</context-group>
<note></note>
</trans-unit>
<trans-unit id="Mongolia" approved="1">
<source>Mongolia</source>
<target>Mongolie</target>
<context-group name="M">M</context-group>
<note></note>
</trans-unit>
<trans-unit id="Morocco" approved="1">
<source>Morocco</source>
<target>Maroc</target>
<context-group name="M">M</context-group>
<note></note>
</trans-unit>
<trans-unit id="Mozambique" approved="1">
<source>Mozambique</source>
<target>Mozambique</target>
<context-group name="M">M</context-group>
<note></note>
</trans-unit>
<trans-unit id="Namibia" approved="1">
<source>Namibia</source>
<target>Namibie</target>
<context-group name="N">N</context-group>
<note></note>
</trans-unit>
<trans-unit id="Nepal" approved="1">
<source>Nepal</source>
<target>Népal</target>
<context-group name="N">N</context-group>
<note></note>
</trans-unit>
<trans-unit id="Netherlands" approved="1">
<source>Netherlands</source>
<target>Pays-Bas</target>
<context-group name="N">N</context-group>
<note></note>
</trans-unit>
<trans-unit id="New Zealand" approved="1">
<source>New Zealand</source>
<target>Nouvelle Zélande</target>
<context-group name="N">N</context-group>
<note></note>
</trans-unit>
<trans-unit id="Nicaragua" approved="1">
<source>Nicaragua</source>
<target>Nicaragua</target>
<context-group name="N">N</context-group>
<note></note>
</trans-unit>
<trans-unit id="Niger" approved="1">
<source>Niger</source>
<target>Niger</target>
<context-group name="N">N</context-group>
<note></note>
</trans-unit>
<trans-unit id="Nigeria" approved="1">
<source>Nigeria</source>
<target>Nigéria</target>
<context-group name="N">N</context-group>
<note></note>
</trans-unit>
<trans-unit id="North Korea" approved="1">
<source>North Korea</source>
<target>Corée du Nord</target>
<context-group name="N">N</context-group>
<note></note>
</trans-unit>
<trans-unit id="Norway" approved="1">
<source>Norway</source>
<target>Norvège</target>
<context-group name="N">N</context-group>
<note></note>
</trans-unit>
<trans-unit id="Oman" approved="1">
<source>Oman</source>
<target>Oman</target>
<context-group name="O">O</context-group>
<note></note>
</trans-unit>
<trans-unit id="Pakistan" approved="1">
<source>Pakistan</source>
<target>Pakistan</target>
<context-group name="P">P</context-group>
<note></note>
</trans-unit>
<trans-unit id="Palestine" approved="1">
<source>Palestine</source>
<target>Palestine</target>
<context-group name="P">P</context-group>
<note></note>
</trans-unit>
<trans-unit id="Panama" approved="1">
<source>Panama</source>
<target>Panama</target>
<context-group name="P">P</context-group>
<note></note>
</trans-unit>
<trans-unit id="Paraguay" approved="1">
<source>Paraguay</source>
<target>Paraguay</target>
<context-group name="P">P</context-group>
<note></note>
</trans-unit>
<trans-unit id="Peru" approved="1">
<source>Peru</source>
<target>Pérou</target>
<context-group name="P">P</context-group>
<note></note>
</trans-unit>
<trans-unit id="Philippines" approved="1">
<source>Philippines</source>
<target>Philippines</target>
<context-group name="P">P</context-group>
<note></note>
</trans-unit>
<trans-unit id="Poland" approved="1">
<source>Poland</source>
<target>Pologne</target>
<context-group name="P">P</context-group>
<note></note>
</trans-unit>
<trans-unit id="Portugal" approved="1">
<source>Portugal</source>
<target>Portugal</target>
<context-group name="P">P</context-group>
<note></note>
</trans-unit>
<trans-unit id="Qatar" approved="1">
<source>Qatar</source>
<target>Qatar</target>
<context-group name="Q">Q</context-group>
<note></note>
</trans-unit>
<trans-unit id="Romania" approved="1">
<source>Romania</source>
<target>Roumanie</target>
<context-group name="R">R</context-group>
<note></note>
</trans-unit>
<trans-unit id="Russian Federation" approved="1">
<source>Russian Federation</source>
<target>Russie</target>
<context-group name="R">R</context-group>
<note></note>
</trans-unit>
<trans-unit id="Rwanda" approved="1">
<source>Rwanda</source>
<target>Rwanda</target>
<context-group name="R">R</context-group>
<note></note>
</trans-unit>
<trans-unit id="San Marino" approved="1">
<source>San Marino</source>
<target>San Marin</target>
<context-group name="S">S</context-group>
<note></note>
</trans-unit>
<trans-unit id="Saudi Arabia" approved="1">
<source>Saudi Arabia</source>
<target>Arabie Saoudite</target>
<context-group name="S">S</context-group>
<note></note>
</trans-unit>
<trans-unit id="Senegal" approved="1">
<source>Senegal</source>
<target>Sénégal</target>
<context-group name="S">S</context-group>
<note></note>
</trans-unit>
<trans-unit id="Seychelles" approved="1">
<source>Seychelles</source>
<target>Seychelles</target>
<context-group name="S">S</context-group>
<note></note>
</trans-unit>
<trans-unit id="Sierra Leone" approved="1">
<source>Sierra Leone</source>
<target>Sierra Leone</target>
<context-group name="S">S</context-group>
<note></note>
</trans-unit>
<trans-unit id="Singapore" approved="1">
<source>Singapore</source>
<target>Singapour</target>
<context-group name="S">S</context-group>
<note></note>
</trans-unit>
<trans-unit id="Slovak Republic" approved="1">
<source>Slovak Republic</source>
<target>République Slovaque</target>
<context-group name="S">S</context-group>
<note></note>
</trans-unit>
<trans-unit id="Slovenia" approved="1">
<source>Slovenia</source>
<target>Slovénie</target>
<context-group name="S">S</context-group>
<note></note>
</trans-unit>
<trans-unit id="Somalia" approved="1">
<source>Somalia</source>
<target>Somalie</target>
<context-group name="S">S</context-group>
<note></note>
</trans-unit>
<trans-unit id="South Africa" approved="1">
<source>South Africa</source>
<target>Afrique du Sud</target>
<context-group name="S">S</context-group>
<note></note>
</trans-unit>
<trans-unit id="South Korea" approved="1">
<source>South Korea</source>
<target>Corée du Sud</target>
<context-group name="S">S</context-group>
<note></note>
</trans-unit>
<trans-unit id="Spain" approved="1">
<source>Spain</source>
<target>Espagne</target>
<context-group name="S">S</context-group>
<note></note>
</trans-unit>
<trans-unit id="Sri Lanka" approved="1">
<source>Sri Lanka</source>
<target>Sri Lanka</target>
<context-group name="S">S</context-group>
<note></note>
</trans-unit>
<trans-unit id="Sudan" approved="1">
<source>Sudan</source>
<target>Soudan</target>
<context-group name="S">S</context-group>
<note></note>
</trans-unit>
<trans-unit id="Suriname" approved="1">
<source>Suriname</source>
<target>Surinam</target>
<context-group name="S">S</context-group>
<note></note>
</trans-unit>
<trans-unit id="Sweden" approved="1">
<source>Sweden</source>
<target>Suède</target>
<context-group name="S">S</context-group>
<note></note>
</trans-unit>
<trans-unit id="Switzerland" approved="1">
<source>Switzerland</source>
<target>Suisse</target>
<context-group name="S">S</context-group>
<note></note>
</trans-unit>
<trans-unit id="Syria" approved="1">
<source>Syria</source>
<target>Syrie</target>
<context-group name="S">S</context-group>
<note></note>
</trans-unit>
<trans-unit id="Tadjikistan" approved="1">
<source>Tadjikistan</source>
<target>Tadjikistan</target>
<context-group name="T">T</context-group>
<note></note>
</trans-unit>
<trans-unit id="Taiwan" approved="1">
<source>Taiwan</source>
<target>Taïwan</target>
<context-group name="T">T</context-group>
<note></note>
</trans-unit>
<trans-unit id="Tanzania" approved="1">
<source>Tanzania</source>
<target>Tanzanie</target>
<context-group name="T">T</context-group>
<note></note>
</trans-unit>
<trans-unit id="Thailand" approved="1">
<source>Thailand</source>
<target>Thaïlande</target>
<context-group name="T">T</context-group>
<note></note>
</trans-unit>
<trans-unit id="Togo" approved="1">
<source>Togo</source>
<target>Togo</target>
<context-group name="T">T</context-group>
<note></note>
</trans-unit>
<trans-unit id="Tunisia" approved="1">
<source>Tunisia</source>
<target>Tunisie</target>
<context-group name="T">T</context-group>
<note></note>
</trans-unit>
<trans-unit id="Turkey" approved="1">
<source>Turkey</source>
<target>Turquie</target>
<context-group name="T">T</context-group>
<note></note>
</trans-unit>
<trans-unit id="Turkmenistan" approved="1">
<source>Turkmenistan</source>
<target>Turkménistan</target>
<context-group name="T">T</context-group>
<note></note>
</trans-unit>
<trans-unit id="Uganda" approved="1">
<source>Uganda</source>
<target>Ouganda</target>
<context-group name="U">U</context-group>
<note></note>
</trans-unit>
<trans-unit id="Ukraine" approved="1">
<source>Ukraine</source>
<target>Ukraine</target>
<context-group name="U">U</context-group>
<note></note>
</trans-unit>
<trans-unit id="United Arab Emirates" approved="1">
<source>United Arab Emirates</source>
<target>Emirats Arabes unis</target>
<context-group name="U">U</context-group>
<note></note>
</trans-unit>
<trans-unit id="United Kingdom" approved="1">
<source>United Kingdom</source>
<target>Royaume Uni</target>
<context-group name="U">U</context-group>
<note></note>
</trans-unit>
<trans-unit id="United States" approved="1">
<source>United States</source>
<target>Etats-Unis</target>
<context-group name="U">U</context-group>
<note></note>
</trans-unit>
<trans-unit id="Uruguay" approved="1">
<source>Uruguay</source>
<target>Uruguay</target>
<context-group name="U">U</context-group>
<note></note>
</trans-unit>
<trans-unit id="Uzbekistan" approved="1">
<source>Uzbekistan</source>
<target>Ouzbékistan</target>
<context-group name="U">U</context-group>
<note></note>
</trans-unit>
<trans-unit id="Venezuela" approved="1">
<source>Venezuela</source>
<target>Venezuela</target>
<context-group name="V">V</context-group>
<note></note>
</trans-unit>
<trans-unit id="Vietnam" approved="1">
<source>Vietnam</source>
<target>Vietnam</target>
<context-group name="V">V</context-group>
<note></note>
</trans-unit>
<trans-unit id="Yemen" approved="1">
<source>Yemen</source>
<target>Yemen</target>
<context-group name="Y">Y</context-group>
<note></note>
</trans-unit>
<trans-unit id="Zambia" approved="1">
<source>Zambia</source>
<target>Zambie</target>
<context-group name="Z">Z</context-group>
<note></note>
</trans-unit>
<trans-unit id="Zimbabwe" approved="1">
<source>Zimbabwe</source>
<target>Zimbabwe</target>
<context-group name="Z">Z</context-group>
<note></note>
</trans-unit>
</body>
</file>
</xliff>