<?xml version="1.0" encoding="UTF-8"?>
<rdf:RDF 
  xmlns:rdf="http://www.w3.org/1999/02/22-rdf-syntax-ns#"
  xmlns:rdfs="http://www.w3.org/2000/01/rdf-schema#" 
  xmlns:skos="http://www.w3.org/2004/02/skos/core#"
  xml:lang="en">

<skos:Concept rdfs:label="AGRICULTURE" rdf:about="http://www.semide.org/thesaurus/theme/0001">
</skos:Concept>
<skos:Concept rdfs:label="LAND SETUP" rdf:about="http://www.semide.org/thesaurus/theme/0002">
</skos:Concept>
<skos:Concept rdfs:label="WATER ARRANGEMENT" rdf:about="http://www.semide.org/thesaurus/theme/0003">
</skos:Concept>
<skos:Concept rdfs:label="ANALYSIS AND TESTS" rdf:about="http://www.semide.org/thesaurus/theme/0004">
</skos:Concept>
<skos:Concept rdfs:label="BIOCHEMISTRY-CHEMISTRY" rdf:about="http://www.semide.org/thesaurus/theme/0005">
</skos:Concept>
<skos:Concept rdfs:label="SLUDGE" rdf:about="http://www.semide.org/thesaurus/theme/0006">
</skos:Concept>
<skos:Concept rdfs:label="CLIMATOLOGY" rdf:about="http://www.semide.org/thesaurus/theme/0007">
</skos:Concept>
<skos:Concept rdfs:label="QUALITY MONITORING- ENTERPRISE" rdf:about="http://www.semide.org/thesaurus/theme/0008">
</skos:Concept>
<skos:Concept rdfs:label="RIGHT" rdf:about="http://www.semide.org/thesaurus/theme/0010">
</skos:Concept>
<skos:Concept rdfs:label="BREEDING AND AQUACULTURE" rdf:about="http://www.semide.org/thesaurus/theme/0011">
</skos:Concept>
<skos:Concept rdfs:label="ENERGY" rdf:about="http://www.semide.org/thesaurus/theme/0012">
</skos:Concept>
<skos:Concept rdfs:label="ENVIRONMENT" rdf:about="http://www.semide.org/thesaurus/theme/0013">
</skos:Concept>
<skos:Concept rdfs:label="FAUNA" rdf:about="http://www.semide.org/thesaurus/theme/0014">
</skos:Concept>
<skos:Concept rdfs:label="FINANCE-ECONOMY" rdf:about="http://www.semide.org/thesaurus/theme/0015">
</skos:Concept>
<skos:Concept rdfs:label="FLORA" rdf:about="http://www.semide.org/thesaurus/theme/0016">
</skos:Concept>
<skos:Concept rdfs:label="CIVIL ENGINEERING" rdf:about="http://www.semide.org/thesaurus/theme/0017">
</skos:Concept>
<skos:Concept rdfs:label="GEOLOGY" rdf:about="http://www.semide.org/thesaurus/theme/0018">
</skos:Concept>
<skos:Concept rdfs:label="HYDRAULICS, HYDROLOGY" rdf:about="http://www.semide.org/thesaurus/theme/0019">
</skos:Concept>
<skos:Concept rdfs:label="HYDROGEOLOGY" rdf:about="http://www.semide.org/thesaurus/theme/0020">
</skos:Concept>
<skos:Concept rdfs:label="INDUSTRY" rdf:about="http://www.semide.org/thesaurus/theme/0021">
</skos:Concept>
<skos:Concept rdfs:label="INFORMATION- COMPUTER SCIENCES" rdf:about="http://www.semide.org/thesaurus/theme/0022">
</skos:Concept>
<skos:Concept rdfs:label="MEASUREMENT AND INSTRUMENTATION" rdf:about="http://www.semide.org/thesaurus/theme/0023">
</skos:Concept>
<skos:Concept rdfs:label="METHODS AND STATISTICS" rdf:about="http://www.semide.org/thesaurus/theme/0024">
</skos:Concept>
<skos:Concept rdfs:label="NATURAL MEDIUM" rdf:about="http://www.semide.org/thesaurus/theme/0026">
</skos:Concept>
<skos:Concept rdfs:label="CARACTERISTICS OF WATER AND SLUDGE" rdf:about="http://www.semide.org/thesaurus/theme/0027">
</skos:Concept>
<skos:Concept rdfs:label="POLICY" rdf:about="http://www.semide.org/thesaurus/theme/0028">
</skos:Concept>
<skos:Concept rdfs:label="WATER POLICY AND WATER MANAGEMENT" rdf:about="http://www.semide.org/thesaurus/theme/0029">
</skos:Concept>
<skos:Concept rdfs:label="POLLUTANTS" rdf:about="http://www.semide.org/thesaurus/theme/0030">
</skos:Concept>
<skos:Concept rdfs:label="PREVENTION AND NUISANCES POLLUTION" rdf:about="http://www.semide.org/thesaurus/theme/0031">
</skos:Concept>
<skos:Concept rdfs:label="COMMON  PURIFICATION AND TREATMENT PROCESS" rdf:about="http://www.semide.org/thesaurus/theme/0032">
</skos:Concept>
<skos:Concept rdfs:label="STRICTS PURIFICATION PROCESS" rdf:about="http://www.semide.org/thesaurus/theme/0033">
</skos:Concept>
<skos:Concept rdfs:label="STRICTS TREATMENT PROCESS (DRINKING WATER)" rdf:about="http://www.semide.org/thesaurus/theme/0034">
</skos:Concept>
<skos:Concept rdfs:label="WATER QUALITY" rdf:about="http://www.semide.org/thesaurus/theme/0035">
</skos:Concept>
<skos:Concept rdfs:label="NETWORKS PIPES" rdf:about="http://www.semide.org/thesaurus/theme/0036">
</skos:Concept>
<skos:Concept rdfs:label="RESSOUCE CATCHMENT AND WATER DISTRIBUTION" rdf:about="http://www.semide.org/thesaurus/theme/0037">
</skos:Concept>
<skos:Concept rdfs:label="RISKS" rdf:about="http://www.semide.org/thesaurus/theme/0038">
</skos:Concept>
<skos:Concept rdfs:label="HEALTH- HYGIENE- PATHOGENIC MICROORGANISM" rdf:about="http://www.semide.org/thesaurus/theme/0039">
</skos:Concept>
<skos:Concept rdfs:label="EXACT SCIENCES AND HUMANITIES" rdf:about="http://www.semide.org/thesaurus/theme/0040">
</skos:Concept>
<skos:Concept rdfs:label="TOURISM-SPORT-HOBBY" rdf:about="http://www.semide.org/thesaurus/theme/0042">
</skos:Concept>
<skos:Concept rdfs:label="WATER TYPOLOGY" rdf:about="http://www.semide.org/thesaurus/theme/0044">
</skos:Concept>
</rdf:RDF>