<?xml version="1.0" encoding="UTF-8"?>
<rdf:RDF xmlns:rdf="http://www.w3.org/1999/02/22-rdf-syntax-ns#"
                  xmlns:rdfs="http://www.w3.org/2000/01/rdf-schema#"
                  xmlns:skos="http://www.w3.org/2004/02/skos/core#"
                  xml:lang="fr">
<skos:Concept rdfs:label="AGRICULTURE" rdf:about="http://www.semide.org/thesaurus/theme/0001" />
<skos:Concept rdfs:label="AMENAGEMENT DU TERRITOIRE - PAYSAGE" rdf:about="http://www.semide.org/thesaurus/theme/0002" />
<skos:Concept rdfs:label="AMENAGEMENTS DES EAUX" rdf:about="http://www.semide.org/thesaurus/theme/0003" />
<skos:Concept rdfs:label="ANALYSES ET TESTS" rdf:about="http://www.semide.org/thesaurus/theme/0004" />
<skos:Concept rdfs:label="BIOCHIMIE - CHIMIE" rdf:about="http://www.semide.org/thesaurus/theme/0005" />
<skos:Concept rdfs:label="BOUES" rdf:about="http://www.semide.org/thesaurus/theme/0006" />
<skos:Concept rdfs:label="CLIMATOLOGIE" rdf:about="http://www.semide.org/thesaurus/theme/0007" />
<skos:Concept rdfs:label="CONTROLE QUALITE - ENTREPRISE" rdf:about="http://www.semide.org/thesaurus/theme/0008" />
<skos:Concept rdfs:label="DROIT" rdf:about="http://www.semide.org/thesaurus/theme/0010" />
<skos:Concept rdfs:label="ELEVAGE ET AQUACULTURE" rdf:about="http://www.semide.org/thesaurus/theme/0011" />
<skos:Concept rdfs:label="ENERGIE" rdf:about="http://www.semide.org/thesaurus/theme/0012" />
<skos:Concept rdfs:label="ENVIRONNEMENT" rdf:about="http://www.semide.org/thesaurus/theme/0013" />
<skos:Concept rdfs:label="FAUNE" rdf:about="http://www.semide.org/thesaurus/theme/0014" />
<skos:Concept rdfs:label="FINANCES - ECONOMIE" rdf:about="http://www.semide.org/thesaurus/theme/0015" />
<skos:Concept rdfs:label="FLORE" rdf:about="http://www.semide.org/thesaurus/theme/0016" />
<skos:Concept rdfs:label="GENIE CIVIL" rdf:about="http://www.semide.org/thesaurus/theme/0017" />
<skos:Concept rdfs:label="GEOLOGIE" rdf:about="http://www.semide.org/thesaurus/theme/0018" />
<skos:Concept rdfs:label="HYDRAULIQUE - HYDROLOGIE" rdf:about="http://www.semide.org/thesaurus/theme/0019" />
<skos:Concept rdfs:label="HYDROGEOLOGIE" rdf:about="http://www.semide.org/thesaurus/theme/0020" />
<skos:Concept rdfs:label="INDUSTRIE" rdf:about="http://www.semide.org/thesaurus/theme/0021" />
<skos:Concept rdfs:label="INFORMATION - INFORMATIQUE" rdf:about="http://www.semide.org/thesaurus/theme/0022" />
<skos:Concept rdfs:label="MESURES ET INSTRUMENTATION" rdf:about="http://www.semide.org/thesaurus/theme/0023" />
<skos:Concept rdfs:label="METHODE ET STATISTIQUES" rdf:about="http://www.semide.org/thesaurus/theme/0024" />
<skos:Concept rdfs:label="MILIEU NATUREL" rdf:about="http://www.semide.org/thesaurus/theme/0026" />
<skos:Concept rdfs:label="PARAMETRES CARACTERISTIQUES DES EAUX ET DES BOUES" rdf:about="http://www.semide.org/thesaurus/theme/0027" />
<skos:Concept rdfs:label="POLITIQUE" rdf:about="http://www.semide.org/thesaurus/theme/0028" />
<skos:Concept rdfs:label="POLITIQUE DE L&apos;EAU ET GESTION DE L&apos;EAU" rdf:about="http://www.semide.org/thesaurus/theme/0029" />
<skos:Concept rdfs:label="POLLUANTS" rdf:about="http://www.semide.org/thesaurus/theme/0030" />
<skos:Concept rdfs:label="POLLUTIONS NUISANCES ET PREVENTION" rdf:about="http://www.semide.org/thesaurus/theme/0031" />
<skos:Concept rdfs:label="PROCEDES COMMUNS EPURATION ET TRAITEMENT" rdf:about="http://www.semide.org/thesaurus/theme/0032" />
<skos:Concept rdfs:label="PROCEDES D&apos;EPURATION STRICTS" rdf:about="http://www.semide.org/thesaurus/theme/0033" />
<skos:Concept rdfs:label="PROCEDES DE TRAITEMENT STRICTS (EAU POTABLE)" rdf:about="http://www.semide.org/thesaurus/theme/0034" />
<skos:Concept rdfs:label="QUALITE DE L&apos;EAU" rdf:about="http://www.semide.org/thesaurus/theme/0035" />
<skos:Concept rdfs:label="RESEAUX CANALISATIONS" rdf:about="http://www.semide.org/thesaurus/theme/0036" />
<skos:Concept rdfs:label="RESSOURCE CAPTAGE ET DISTRIBUTION DE L&apos;EAU" rdf:about="http://www.semide.org/thesaurus/theme/0037" />
<skos:Concept rdfs:label="RISQUES" rdf:about="http://www.semide.org/thesaurus/theme/0038" />
<skos:Concept rdfs:label="SANTE - HYGIENE - MICROORGANISME PATHOGENE" rdf:about="http://www.semide.org/thesaurus/theme/0039" />
<skos:Concept rdfs:label="SCIENCES HUMAINES" rdf:about="http://www.semide.org/thesaurus/theme/0040" />
<skos:Concept rdfs:label="TOURISME - SPORT - LOISIR" rdf:about="http://www.semide.org/thesaurus/theme/0042" />
<skos:Concept rdfs:label="TYPOLOGIE DES EAUX" rdf:about="http://www.semide.org/thesaurus/theme/0044" />
</rdf:RDF>
