<?xml version="1.0" encoding="utf-8"?>
<skel>
	<forms>
		<form id="folder_basketofapprovals" title="NyFolder basket of approvals"/>
		<form id="folder_basketofapprovals_published" title="NyFolder basket of approvals - published"/>
		<form id="folder_basketofapprovals_duplicates" title="NyFolder basket of approvals - duplicates"/>
		<form id="document_index" title=""/>
		<form id="languages_box" title="Box for changing the language on pages"/>
		<form id="folder_index" title=""/>
		<form id="folder_linkchecker" title="NyFolder link checker"/>
		<form id="folder_menusubmissions" title="NyFolder menu of submissions"/>
		<form id="pointer_index" title=""/>
		<form id="site_admin_logos" title=""/>
		<form id="site_admin_network" title=""/>
		<form id="site_sitemap" title=""/>
		<form id="site_admin_template" title=""/>
		<form id="site_index" title=""/>
		<form id="site_login" title=""/>
		<form id="site_requestrole" title=""/>
		<form id="site_search" title=""/>
		<form id="site_search_advanced" title="Portal advanced search"/>
		<form id="url_index" title=""/>
		<form id="site_admin_linkslists" title=""/>
		<form id="site_admin_thumbnail" title="Portal administration - thumbnails"/>
		<form id="site_admin_comments" title="Portal administration - latest comments"/>
		<form id="site_admin_linkchecker" title="Portal administration - link checker"/>
		<form id="site_admin_appearance" title=""/>
		<form id="site_admin_layout" title=""/>
		<form id="site_admin_remotechannels" title="Portal administration - remote channels"/>
		<form id="site_admin_maintopics" title="Portal administration - main sections"/>
		<form id="site_admin_remotechportlets" title="Portal administration - remote channels portlets section"/>
		<form id="sitemap_add" title="Sitemap for picklists"/>
		<form id="site_admin_remotechannels_sitemap" title=""/>
		<form id="site_profilesheet" title="SEMIDE profile page"/>
		<form id="flashtool_profilesheet" title="eFlash profile page"/>
		<form id="site_admin_flash_settings" title="eFlash settings"/>
		<form id="site_admin_flashhtml" title="eFlash html preview"/>
		<form id="site_admin_flashtext" title="eFlash text preview"/>
		<form id="site_admin_flashusers" title="eFlash users"/>
		<form id="flashtool_subscribe" title="Subscribe page"/>
		<form id="site_insertrelativelink" title=""/>
		<form id="nfp_download" title="NFP Download"/>
		<form id="site_admin_users" title="Semide users"/>
		<form id="site_admin_roles" title="Semide users/roles"/>
		<form id="site_admin_flash_notification" title="Semide notification confirmation"/>
		<form id="site_messages" title="Portal messages page"/>
	</forms>
	<layout default_skin_id="semide" default_scheme_id="blue">
		<skin id="semide" title="SEMIDE">
			<template id="site_header" title="Portal standard HTML header"/>
			<template id="site_footer" title="Portal standard HTML footer"/>
			<template id="portlet_left_macro" title="Macro for left portlets"/>
			<template id="portlet_center_macro" title="Macro for center portlets"/>
			<template id="portlet_right_macro" title="Macro for right portlets"/>
			<scheme id="blue" title="Blue">
				<image id="sort_asc.gif" title="Sort in ascending order"/>
				<image id="sort_desc.gif" title="Sort in descending order"/>
				<style id="style" title="Main CSS"/>
				<style id="style_rtl" title="Main CSS for RTL"/>
				<style id="style_common" title="Common CSS"/>
				<style id="style_common_rtl" title="Common CSS for RTL"/>
				<style id="style_handheld" title="Handheld CSS"/>
				<style id="style_handheld_rtl" title="Handheld CSS for RTL"/>
				<style id="style_print" title="CSS for print media"/>
				<image id="bck_li.gif" title=""/>
				<image id="bck_li_ar.gif" title=""/>
				<image id="bck_search.jpg" title=""/>
				<image id="bck_search_ar.jpg" title=""/>
				<image id="bck_topmenu.jpg" title=""/>
				<image id="bckg_left.jpg" title=""/>
				<image id="bckg_left_ar.jpg" title=""/>
				<image id="bullet_submenu.gif" title=""/>
				<image id="map_depth0.gif" title=""/>
				<image id="map_depth1.gif" title=""/>
				<image id="map_depth2.gif" title=""/>
				<image id="map_depth3.gif" title=""/>
				<image id="europe.jpg" title=""/>
				<image id="europe_ar.jpg" title=""/>
				<image id="ico_calendar.jpg" title=""/>
				<image id="ico_event.jpg" title=""/>
				<image id="ico_login.gif" title=""/>
				<image id="ico_news.jpg" title=""/>
				<image id="ico_quickaccess.gif" title=""/>
				<image id="ico_sitesearch.gif" title=""/>
				<image id="thumbnail1.jpg" title=""/>
				<image id="thumbnail2.jpg" title=""/>
				<image id="thumbnail3.jpg" title=""/>
				<image id="thumbnail4.jpg" title=""/>
				<image id="topmenu_separator.gif" title=""/>
				<image id="medawater_en.gif" title=""/>
				<image id="ico_admin.gif" title=""/>
				<image id="tableft.gif" title=""/>
				<image id="tableft_on.gif" title=""/>
				<image id="tabright.gif" title=""/>
				<image id="tabright_on.gif" title=""/>
				<image id="screenshot.gif" title=""/>
				<image id="bg_quickaccess.gif" title=""/>
				<image id="bg_search.gif" title=""/>
				<image id="bg_quickaccess_ar.gif" title=""/>
				<image id="bg_search_ar.gif" title=""/>
				<image id="translate.gif" title=""/>
			</scheme>
			<scheme id="magenta" title="Magenta">
				<image id="sort_asc.gif" title="Sort in ascending order"/>
				<image id="sort_desc.gif" title="Sort in descending order"/>
				<style id="style" title="Main CSS"/>
				<style id="style_rtl" title="Main CSS for RTL"/>
				<style id="style_common" title="Common CSS"/>
				<style id="style_common_rtl" title="Common CSS for RTL"/>
				<style id="style_handheld" title="Handheld CSS"/>
				<style id="style_handheld_rtl" title="Handheld CSS for RTL"/>
				<style id="style_print" title="CSS for print media"/>
				<image id="bck_li.gif" title=""/>
				<image id="bck_li_ar.gif" title=""/>
				<image id="bck_search.jpg" title=""/>
				<image id="bck_search_ar.jpg" title=""/>
				<image id="bck_topmenu.jpg" title=""/>
				<image id="bckg_left.jpg" title=""/>
				<image id="bckg_left_ar.jpg" title=""/>
				<image id="bullet_submenu.gif" title=""/>
				<image id="map_depth0.gif" title=""/>
				<image id="map_depth1.gif" title=""/>
				<image id="map_depth2.gif" title=""/>
				<image id="map_depth3.gif" title=""/>
				<image id="europe.jpg" title=""/>
				<image id="europe_ar.jpg" title=""/>
				<image id="ico_calendar.jpg" title=""/>
				<image id="ico_event.jpg" title=""/>
				<image id="ico_login.gif" title=""/>
				<image id="ico_news.jpg" title=""/>
				<image id="ico_quickaccess.gif" title=""/>
				<image id="ico_sitesearch.gif" title=""/>
				<image id="thumbnail1.jpg" title=""/>
				<image id="thumbnail2.jpg" title=""/>
				<image id="thumbnail3.jpg" title=""/>
				<image id="thumbnail4.jpg" title=""/>
				<image id="topmenu_separator.gif" title=""/>
				<image id="medawater_en.gif" title=""/>
				<image id="ico_admin.gif" title=""/>
				<image id="tableft.gif" title=""/>
				<image id="tableft_on.gif" title=""/>
				<image id="tabright.gif" title=""/>
				<image id="tabright_on.gif" title=""/>
				<image id="screenshot.gif" title=""/>
				<image id="bg_quickaccess.gif" title=""/>
				<image id="bg_search.gif" title=""/>
				<image id="bg_quickaccess_ar.gif" title=""/>
				<image id="bg_search_ar.gif" title=""/>
				<image id="translate.gif" title=""/>
			</scheme>
			<scheme id="green" title="Green">
				<image id="sort_asc.gif" title="Sort in ascending order"/>
				<image id="sort_desc.gif" title="Sort in descending order"/>
				<style id="style" title="Main CSS"/>
				<style id="style_rtl" title="Main CSS for RTL"/>
				<style id="style_common" title="Common CSS"/>
				<style id="style_common_rtl" title="Common CSS for RTL"/>
				<style id="style_handheld" title="Handheld CSS"/>
				<style id="style_handheld_rtl" title="Handheld CSS for RTL"/>
				<style id="style_print" title="CSS for print media"/>
				<image id="bck_li.gif" title=""/>
				<image id="bck_li_ar.gif" title=""/>
				<image id="bck_search.jpg" title=""/>
				<image id="bck_search_ar.jpg" title=""/>
				<image id="bck_topmenu.jpg" title=""/>
				<image id="bckg_left.jpg" title=""/>
				<image id="bckg_left_ar.jpg" title=""/>
				<image id="bullet_submenu.gif" title=""/>
				<image id="map_depth0.gif" title=""/>
				<image id="map_depth1.gif" title=""/>
				<image id="map_depth2.gif" title=""/>
				<image id="map_depth3.gif" title=""/>
				<image id="europe.jpg" title=""/>
				<image id="europe_ar.jpg" title=""/>
				<image id="ico_calendar.jpg" title=""/>
				<image id="ico_event.jpg" title=""/>
				<image id="ico_login.gif" title=""/>
				<image id="ico_news.jpg" title=""/>
				<image id="ico_quickaccess.gif" title=""/>
				<image id="ico_sitesearch.gif" title=""/>
				<image id="thumbnail1.jpg" title=""/>
				<image id="thumbnail2.jpg" title=""/>
				<image id="thumbnail3.jpg" title=""/>
				<image id="thumbnail4.jpg" title=""/>
				<image id="topmenu_separator.gif" title=""/>
				<image id="medawater_en.gif" title=""/>
				<image id="ico_admin.gif" title=""/>
				<image id="tableft.gif" title=""/>
				<image id="tableft_on.gif" title=""/>
				<image id="tabright.gif" title=""/>
				<image id="tabright_on.gif" title=""/>
				<image id="screenshot.gif" title=""/>
				<image id="bg_quickaccess.gif" title=""/>
				<image id="bg_search.gif" title=""/>
				<image id="bg_quickaccess_ar.gif" title=""/>
				<image id="bg_search_ar.gif" title=""/>
				<image id="translate.gif" title=""/>
			</scheme>
		</skin>
	</layout>
	<pluggablecontenttypes>
		<pluggablecontenttype meta_type="Naaya Media File" action="1"/>
		<pluggablecontenttype meta_type="Naaya Semide Event" action="1"/>
		<pluggablecontenttype meta_type="Naaya Semide News" action="1"/>
		<pluggablecontenttype meta_type="Naaya Semide Project" action="1"/>
		<pluggablecontenttype meta_type="Naaya Semide Organisation" action="1"/>
		<pluggablecontenttype meta_type="Naaya File" action="0"/>
		<pluggablecontenttype meta_type="Naaya Story" action="0"/>
		<pluggablecontenttype meta_type="Naaya Event" action="0"/>
		<pluggablecontenttype meta_type="Naaya News" action="0"/>
		<pluggablecontenttype meta_type="Naaya Semide Document" action="1"/>
		<pluggablecontenttype meta_type="Naaya Semide Multimedia" action="1"/>
		<pluggablecontenttype meta_type="Naaya Semide Text of Laws" action="1"/>
		<pluggablecontenttype meta_type="Naaya Semide Funding" action="1"/>
		<pluggablecontenttype meta_type="Naaya Semide Field Site" action="1"/>
		<pluggablecontenttype meta_type="Naaya Semide Thematic Folder" action="1"/>
		<pluggablecontenttype meta_type="Naaya Extended File" action="1"/>
		<pluggablecontenttype meta_type="Naaya Semide Publication" action="1"/>
		<pluggablecontenttype meta_type="Naaya GeoPoint" action="1"/>
	</pluggablecontenttypes>
	<syndication>
		<namespace id="301" prefix="ut" value="http://www.semide.org/ut/"/>
		<scriptchannel id="latestnews_rdf" title="Latest news" description="Latest news" language="en" type="News" numberofitems="5" portlet="1"/>
		<scriptchannel id="upcomingevents_rdf" title="Upcoming events" description="Upcoming events" language="en" type="Events" numberofitems="5" portlet="1"/>
		<localchannel id="news_rdf" title="News" description="News" language="en" type="News" objmetatype="Naaya Semide News" numberofitems="5"/>
		<scriptchannel id="latestevents_rdf" title="Latest events" description="Latest events" language="en" type="Events" numberofitems="5" portlet="0"/>
	</syndication>
	<portlets left="portlet_maincategories" center="portlet_latestuploads_rdf">
		<portlet id="portlet_administration" title="Administration"/>
		<portlet id="portlet_eflash" title="EMWIS eFlash"/>
		<portlet id="portlet_calendar" title="Events calendar"/>
		<portlet id="portlet_maincategories" title="Main sections"/>
		<portlet id="portlet_initiatives_news" title="Initiatives News portlet"/>
		<portlet id="portlet_initiatives_events" title="Initiatives Events portlet"/>
		<portlet id="portlet_initiatives_projects" title="Initiatives Projects portlet"/>
		<portlet id="portlet_left_logo" title="Logo portlet"/>
		<portlet id="portlet_oai_harvested" title="Harvested OAI records"/>
		<portlet id="portlet_rdfcalendar" title="RDF Calendar"/>
		<linkslist id="menunav_links" title="Menu navigation links" portlet="">
			<link id="120" title="Forum" description="" url="/forum" relative="1" permission="" order="10"/>
			<link id="130" title="Thesaurus" description="" url="/portal_thesaurus" relative="1" permission="" order="20"/>
			<link id="134" title="Agenda" description="" url="/thematicdirs/events" relative="1" permission="" order="30"/>
			<link id="140" title="Other searches" description="" url="/external_search_html" relative="1" permission="" order="50"/>
			<link id="150" title="Sitemap" description="" url="/sitemap_html" relative="1" permission="" order="60"/>
			<link id="160" title="Administration" description="" url="/admin_centre_html" relative="1" permission="Add content" order="70"/>
		</linkslist>
		<linkslist id="footer_links" title="Footer links" portlet="">
			<link id="13" title="Copyright &amp; Disclaimer" description="" url="/about/copyright_html" relative="1" permission="" order="2"/>
			<link id="15" title="Webmaster" description="" url="/feedback_html" relative="1" permission="" order="4"/>
			<link id="16" title="Contact us" description="" url="/about/contact_html" relative="1" permission="" order="5"/>
			<link id="17" title="Feedback &amp; Helpdesk" description="" url="/HelpDesk" relative="1" permission="" order="6"/>
			<link id="18" title="Accessibility statement" description="" url="/about/accessibility" relative="1" permission="" order="7"/>
			<link id="19" title="www.semide.org" description="" url="http://www.semide.org" relative="0" permission="" order="8"/>
		</linkslist>
		<linkslist id="quick_access" title="Quick access" portlet="">
			<link id="1" title="Quick access about" description="" url="/about" relative="1" permission="" order="1"/>
		</linkslist>
		<reflist id="event_types" title="Event types" description="Types of events used by Naaya Event objects. When adding or editing events, the end users will be able to choose from list below.">
			<item id="Seminar" title="Seminar"/>
			<item id="Conference" title="Conference"/>
			<item id="Econference" title="Econference"/>
			<item id="Training" title="Training"/>
			<item id="Visits" title="Visits"/>
		</reflist>
		<reflist id="event_status" title="Event status" description="When adding or editing events, the end users will be able to choose from list below.">
			<item id="Tentative" title="Tentative"/>
			<item id="Confirmed" title="Confirmed"/>
			<item id="Cancelled" title="Cancelled"/>
		</reflist>
		<reflist id="event_geozone" title="Event geozone" description="When adding or editing events, the end users will be able to choose from list below.">
			<item id="Euro" title="Euro"/>
			<item id="National" title="National"/>
			<item id="International" title="International"/>
			<item id="Regional" title="Regional"/>
		</reflist>
		<reflist id="news_types" title="News types" description="Types of news used by news objects. When adding or editing news, the end users will be able to choose from list below.">
			<item id="Nomination" title="Nomination"/>
			<item id="CallForPaper" title="CallForPaper"/>
			<item id="Procurement" title="Procurement"/>
			<item id="Vacancies" title="Vacancies"/>
			<item id="Inbrief" title="Inbrief"/>
		</reflist>
		<reflist id="organism_types" title="Organism types" description="Types of organisms used by project objects. When adding or editing projects, the end users will be able to choose from list below.">
			<item id="int" title="International organisation"/>
			<item id="Adm_reg" title="Local/regional public authority"/>
			<item id="NGO" title="NGO / association"/>
			<item id="adm_nat" title="National public authority"/>
			<item id="Pri" title="Private sector"/>
			<item id="Univ" title="University / research center"/>
		</reflist>
		<reflist id="funding_types" title="Funding types" description="Types of fundings used by project objects. When adding or editing projects, the end users will be able to choose from list below.">
			<item id="type1" title="Grant"/>
			<item id="type2" title="Loan"/>
			<item id="type3" title="Service contract"/>
		</reflist>
		<reflist id="text_laws" title="Text laws" description="Types of text laws">
			<item id="Law" title="Law"/>
			<item id="Decree" title="Decree"/>
			<item id="Resolution" title="Resolution"/>
			<item id="Descision" title="Decision"/>
			<item id="Agreement" title="Agreement"/>
			<item id="Directive" title="Directive"/>
			<item id="Recommandation" title="Recommandation"/>
			<item id="Charter" title="Charter"/>
			<item id="Declaration" title="Declaration"/>
			<item id="Convention" title="Convention"/>
		</reflist>
		<reflist id="status_types" title="Status types" description="Types of status types.">
			<item id="Draft" title="Draft"/>
			<item id="Final" title="Final"/>
		</reflist>
		<reflist id="multimedia_types" title="Multimedia types" description="Types of multimedia types.">
			<item id="Video" title="Video"/>
			<item id="Photos" title="Photos"/>
			<item id="Audio" title="Audio"/>
			<item id="Map" title="Map"/>
		</reflist>
		<reflist id="document_types" title="Document types" description="Types of document types.">
			<item id="Proceedings" title="Proceedings"/>
			<item id="Report" title="Report"/>
			<item id="Newsletter" title="Newsletter"/>
			<item id="Brochure" title="Brochure"/>
			<item id="PressArticle" title="PressArticle"/>
			<item id="Book" title="Book"/>
			<item id="WorkingPaper" title="WorkingPaper"/>
			<item id="SlideShow" title="SlideShow"/>
		</reflist>
		<reflist id="rights_types" title="Rights" description="Types of rigths">
			<item id="Public" title="Public"/>
			<item id="Diffusion restricted" title="Diffusion restricted"/>
		</reflist>
	</portlets>
	<properties>
		<language code="fr" />
		<language code="ar" />
	</properties>
	<emails>
		<emailtemplate id="email_createaccount" title="Create account"/>
		<emailtemplate id="email_flashnotif" title="eFlash administrator notification"/>
	</emails>
	<security>
		<grouppermissions name="Manage forum" description="Posibility to Add/Edit/Delete topics/messages on forum."
			permissions="Add/Edit/Delete Naaya Forum Topic,Edit/Delete Forum Message"/>
		<grouppermissions name="Add forum message" description="Posibility to add messages on forum."
			permissions="Add Naaya Forum Message"/>
		<grouppermissions name="Add content" description="Create Naaya objects. Editing, publishing and deleting them are not granted as a part of thisprivilege."
			permissions="Naaya - Access administrative area,Naaya - Add Naaya Folder objects,Naaya - Add Naaya Document objects,Naaya - Add Naaya Pointer objects,Naaya - Add Naaya URL objects,Naaya - Add Naaya Photo,Naaya - Add Naaya Media File objects,Naaya - Add Naaya Extended File objects,Naaya - Add Naaya Photo Folder,Naaya - Add Naaya Semide Event objects,Naaya - Add Naaya Semide Multimedia objects,Naaya - Add Naaya Semide Project objects,Naaya - Add Naaya Semide Thematic Folder,Naaya - Add Naaya Semide Field Site objects,Naaya - Add Naaya Semide News objects,Naaya - Add Naaya Semide Document objects,Naaya - Add Naaya Semide Funding objects,Naaya - Add Naaya Semide Organisation objects,Naaya - Add Naaya Semide Text of Laws objects,Take ownership"/>
		<grouppermissions name="Add custom content" description="Create Semide objects. Editing, publishing and deleting them are not granted as a part of this privilege."
			permissions="Naaya - Add Naaya Semide Event objects,Naaya - Add Naaya Semide Project objects,Naaya - Add Naaya News objects,Naaya - Add Naaya Semide News objects,Naaya - Add Naaya Event objects"/>
		<role name="Authenticated" grouppermissions="Add comments,Add forum message,Add custom content" permissions=""/>
		<role name="Contributor" grouppermissions="Add content" permissions=""/>
		<role name="Administrator" grouppermissions="Browse content,Add content,Add comments,Edit content,Copy content,Publish content,Delete content,Validate content,Translate pages,Manage Users,Manage forum,Add forum message" permissions=""/>
	</security>
	<others>
		<favicon />
		<robots />
	</others>
</skel>
