<?xml version="1.0" encoding="utf-8"?>
<skel>
	<forms>
		<form id="folder_index" title="NyFolder default view" />
		<form id="site_index" title="Portal home page" />
		<form id="site_login" title="Portal login" />
		<form id="site_search" title="Search page" />
		<form id="site_feedback" title="Portal feedback"/>
		<form id="site_admin_updates" title="Portal administration - update/commit"/>
		<form id="folder_menusubmissions" title="Menu submissions for folder" />
		<form id="projects_search" title="Search projects by country"/>
		<form id="experts_search" title="Search experts by country"/>
		<form id="languages_box" title="Box for changing the language on pages"/>
		<form id="folder_impex_commit" title="Folder commit content"/>
		<form id="folder_impex_export" title="Folder export content"/>
		<form id="folder_impex_import" title="Folder import content"/>
		<form id="folder_impex_update" title="Folder update content"/>
	</forms>
	<emails>
		<emailtemplate id="email_createaccount" title="Create account"/>
	</emails>
	<layout default_skin_id="smap" default_scheme_id="blue">
		<skin id="smap" title="SMAP">
			<template id="site_header" title="Portal standard HTML header"/>
			<template id="site_footer" title="Portal standard HTML footer"/>
			<template id="portlet_left_macro" title="Macro for left portlets"/>
			<template id="portlet_center_macro" title="Macro for center portlets"/>
			<template id="portlet_right_macro" title="Macro for right portlets"/>
			<template id="folder_administration_macro" title="Folder administration macro page"/>
			<template id="folder_impex_macro" title="Folder Import/Export macro page"/>
			<scheme id="blue" title="Blue">
				<image id="bck_li.gif" title=""/>
				<image id="bck_top.jpg" title=""/>
				<image id="bckg_left.jpg" title=""/>
				<image id="rtitle_bullet.gif" title=""/>
				<image id="rtitle_bullet_ar.gif" title=""/>
				<image id="titl_bullet.gif" title=""/>
				<image id="titl_bullet_ar.gif" title=""/>
				<style id="style" title="Main CSS"/>
				<style id="style_rtl" title="CSS for RTL languages" />
				<style id="style_common_rtl" title="CSS for common elements for RTL languages" />
				<style id="style_common" title="CSS for common elements" />
				<style id="style_print" title="CSS for media print" />
				<image id="screenshot.gif" title="Skin screenshot"/>
				<image id="sort_asc.gif" title=""/>
				<image id="sort_desc.gif" title=""/>
			</scheme>
		</skin>
	</layout>
	<pluggablecontenttypes>
		<pluggablecontenttype meta_type="Naaya Media File" action="1"/>
		<pluggablecontenttype meta_type="Naaya File" action="0"/>
		<pluggablecontenttype meta_type="Naaya Extended File" action="1"/>
		<pluggablecontenttype meta_type="Naaya SMAP Project" action="1"/>
		<pluggablecontenttype meta_type="Naaya SMAP Expert" action="1"/>
	</pluggablecontenttypes>
	<portlets left="portlet_left_side" center="portlet_latestuploads_rdf">
		<portlet id="portlet_rdfcalendar" title="RDF Calendar"/>
		<portlet id="portlet_administration" title="Administration" />
		<portlet id="portlet_left_side" title="Left-side navigation" />
		<portlet id="portlet_folder_impex" title="Export/Import"/>
		<linkslist id="menunav_links" title="Menu navigation links" portlet="">
			<link id="108" title="About us" description="" url="/aboutus_html" relative="1" permission="" order="9"/>
			<link id="109" title="Sitemap" description="" url="/sitemap_html" relative="1" permission="" order="9"/>
			<link id="110" title="Administration" description="" url="/admin_centre_html" relative="1" permission="Publish content" order="10"/>
		</linkslist>
		<linkslist id="places" title="Places" portlet="1">
			<link id="11" title="Europa" description="European Union on-line" url="http://europa.eu/" relative="0" permission="" order="10"/>
			<link id="12" title="EEA Home" description="European Environment Agency" url="http://www.eea.europa.eu" relative="0" permission="" order="20"/>
			<link id="13" title="EIONET" description="EIONET" url="http://www.eionet.europa.eu/" relative="0" permission="" order="30"/>
			<link id="14" title="CIRCA Forum" description="CIRCA Forum" url="http://forum.europa.eu.int/" relative="0" permission="" order="40"/>
		</linkslist>
		<linkslist id="footer_links" title="Footer links" portlet="">
			<link id="20" title="Copyright" description="" url="/about/copyright" relative="1" permission="" order="10"/>
			<link id="21" title="Contact us" description="" url="/about/contact_html" relative="1" permission="" order="20"/>
			<link id="22" title="Webmaster" description="" url="/feedback_html" relative="1" permission="" order="30"/>
			<link id="24" title="Accessibility statement" description="" url="/about/accessibility" relative="1" permission="" order="50"/>
		</linkslist>
		<reflist id="countries" title="Countries" description="List of countries used by Naaya SMAP Project objects. When adding or editing projects, the end users will be able to choose from list below.">
			<item id="Albania" title="Albania"/>
			<item id="Algeria" title="Algeria"/>
			<item id="Bosnia&amp;Herzegovina" title="Bosnia&amp;Herzegovina"/>
			<item id="Croatia" title="Croatia"/>
			<item id="Cyprus" title="Cyprus"/>
			<item id="Egypt" title="Egypt"/>
			<item id="France" title="France"/>
			<item id="Greece" title="Greece"/>
			<item id="Israel" title="Israel"/>
			<item id="Italy" title="Italy"/>
			<item id="Jordan" title="Jordan"/>
			<item id="Lebanon" title="Lebanon"/>
			<item id="Lybia" title="Lybia"/>
			<item id="Malta" title="Malta"/>
			<item id="Morocco" title="Morocco"/>
			<item id="Palestinian Authority" title="Palestinian Authority"/>
			<item id="Serbia&amp;Montenegro" title="Serbia&amp;Montenegro"/>
			<item id="Slovenia" title="Slovenia"/>
			<item id="Spain" title="Spain"/>
			<item id="Syria" title="Syria"/>
			<item id="Tunisia" title="Tunisia"/>
			<item id="Turkey" title="Turkey"/>
		</reflist>
		<reflist id="priorities_types" title="Priorities" description="Types of priorities used by Naaya SMAP Project objects. When adding or editing projects, the end users will be able to choose from list below.">
			<item id="Biodiversity" title="Biodiversity"/>
			<item id="Desertification" title="Desertification"/>
			<item id="Integrated Coastal Zone Management" title="Integrated Coastal Zone Management"/>
			<item id="Legislation, regulatory and planning measures" title="Legislation, regulatory and planning measures"/>
			<item id="Polluted Areas" title="Polluted Areas"/>
			<item id="Waste Management" title="Waste Management"/>
			<item id="Water Management" title="Water Management"/>
		</reflist>
		<reflist id="focuses_bio" title="Focuses of Biodiversity" description="Types of focuses used by Naaya SMAP Project objects. When adding or editing projects, the end users will be able to choose from list below.">
			<item id="Legislation and regulatory measures" title="Legislation and regulatory measures"/>
			<item id="Management plans and demonstration actions" title="Management plans and demonstration actions"/>
			<item id="Institutional, organisational and economic arrangements" title="Institutional, organisational and economic arrangements"/>
			<item id="Sustainable use and management of biodiversity and of natural resources" title="Sustainable use and management of biodiversity and of natural resources"/>
			<item id="Data collection, analysis, monitoring" title="Data collection, analysis, monitoring"/>
			<item id="Capacity building" title="Capacity building"/>
			<item id="Networking, participation and partnership building" title="Networking, participation and partnership building"/>
		</reflist>
		<reflist id="focuses_des" title="Focuses of Desertification" description="Types of focuses used by Naaya SMAP Project objects. When adding or editing projects, the end users will be able to choose from list below.">
			<item id="Legislation and regulatory measures" title="Legislation and regulatory measures"/>
			<item id="Sustainable agriculture practices" title="Sustainable agriculture practices"/>
			<item id="Increasing water availability" title="Increasing water availability"/>
			<item id="Water harvesting techniques " title="Water harvesting techniques"/>
			<item id="Preventing salinisation of soils" title="Preventing salinisation of soils"/>
			<item id="Protecting the existing forest ecosystems" title="Protecting the existing forest ecosystems"/>
			<item id="Combating erosion and sand dunes deposit" title="Combating erosion and sand dunes deposit"/>
			<item id="Combating abandoning of the agricultural land" title="Combating abandoning of the agricultural land"/>
			<item id="Data collection, analysis, monitoring" title="Data collection, analysis, monitoring"/>
			<item id="Capacity building" title="Capacity building"/>
			<item id="Networking, participatory processes and partnership building" title="Networking, participatory processes and partnership building"/>
		</reflist>
		<reflist id="focuses_int" title="Focuses of Integrated Coastal Zone Management" description="Types of focuses used by Naaya SMAP Project objects. When adding or editing projects, the end users will be able to choose from list below.">
			<item id="Legislation and regulatory measures" title="Legislation and regulatory measures"/>
			<item id="Sustainable development of tourism areas" title="Sustainable development of tourism areas"/>
			<item id="Conservation and management of biodiversity" title="Conservation and management of biodiversity"/>
			<item id="Environmentally sound initiatives for Fisheries" title="Environmentally sound initiatives for Fisheries"/>
			<item id="Port Reception Facilities for treatment of waste" title="Port Reception Facilities for treatment of waste"/>
			<item id="Combat against accidental oil spills" title="Combat against accidental oil spills"/>
			<item id="Protection from erosion and degradation" title="Protection from erosion and degradation"/>
			<item id="Sustainable agricultural and silvicultural practices" title="Sustainable agricultural and silvicultural practices"/>
			<item id="Restoration of damaged soils and plant cover" title="Restoration of damaged soils and plant cover"/>
			<item id="Prevention and combat of forest fires" title="Prevention and combat of forest fires"/>
			<item id="Sustainable development for Mediterranean islands" title="Sustainable development for Mediterranean islands"/>
			<item id="Combat pollution from marine and land-based sources" title="Combat pollution from marine and land-based sources"/>
			<item id="Prevention, reduction and control of marine and coastal litter" title="Prevention, reduction and control of marine and coastal litter"/>
			<item id="Solid Waste Management" title="Solid Waste Management"/>
			<item id="Waste Water Management" title="Waste Water Management"/>
			<item id="Data collection, analysis, monitoring" title="Data collection, analysis, monitoring"/>
			<item id="Capacity building" title="Capacity building"/>
			<item id="Networking, participation and partnership building" title="Networking, participation and partnership building"/>
		</reflist>
		<reflist id="focuses_leg" title="Focuses of Legislation, regulatory and planning measures" description="Types of focuses used by Naaya SMAP Project objects. When adding or editing projects, the end users will be able to choose from list below.">
		</reflist>
		<reflist id="focuses_pol" title="Focuses of Polluted Areas" description="Types of focuses used by Naaya SMAP Project objects. When adding or editing projects, the end users will be able to choose from list below.">
			<item id="Legislation and regulatory measures" title="Legislation and regulatory measures"/>
			<item id="Integrated management of highly polluted urban areas" title="Integrated management of highly polluted urban areas"/>
			<item id="Management of energy and transport systems" title="Management of energy and transport systems"/>
			<item id="Reduce air pollution" title="Reduce air pollution"/>
			<item id="Protection of green areas" title="Protection of green areas"/>
			<item id="Integrated approach to reduce highly polluting emissions in industrial areas" title="Integrated approach to reduce highly polluting emissions in industrial areas"/>
			<item id="Data collection, analysis, monitoring" title="Data collection, analysis, monitoring"/>
			<item id="Capacity building" title="Capacity building"/>
			<item id="Networking, participation and partnership building" title="Networking, participation and partnership building"/>
		</reflist>
		<reflist id="focuses_was" title="Focuses of Waste Management" description="Types of focuses used by Naaya SMAP Project objects. When adding or editing projects, the end users will be able to choose from list below.">
			<item id="Legislation and regulatory measures" title="Legislation and regulatory measures"/>
			<item id="Collection, treatment and safe disposal of municipal, industrial and hazardous waste" title="Collection, treatment and safe disposal of municipal, industrial and hazardous waste"/>
			<item id="Guidelines for effective waste management" title="Guidelines for effective waste management"/>
			<item id="Waste disposal methods and sites presenting a risk for the environment" title="Waste disposal methods and sites presenting a risk for the environment"/>
			<item id="Statistical methodologies and national waste inventories" title="Statistical methodologies and national waste inventories"/>
			<item id="Waste reduction, re-use and recycling" title="Waste reduction, re-use and recycling"/>
			<item id="Tackle systematically waste from tourism-related activities" title="Tackle systematically waste from tourism-related activities"/>
			<item id="Disposal of dredging spoils and used oils" title="Disposal of dredging spoils and used oils"/>
			<item id="Capacity building" title="Capacity building"/>
			<item id="Networking, participation and partnership building" title="Networking, participation and partnership building"/>
		</reflist>
		<reflist id="focuses_wat" title="Focuses of Water Management" description="Types of focuses used by Naaya SMAP Project objects. When adding or editing projects, the end users will be able to choose from list below.">
			<item id="Legislation and regulatory measures" title="Legislation and regulatory measures"/>
			<item id="Evaluation and monitoring of water quality and quantity" title="Evaluation and monitoring of water quality and quantity"/>
			<item id="Provision of safe drinking water" title="Provision of safe drinking water"/>
			<item id="Waste water treatment systems" title="Waste water treatment systems"/>
			<item id="Water conservation " title="Water conservation "/>
			<item id="Protection of water reservoirs and wetlands" title="Protection of water reservoirs and wetlands"/>
			<item id="River basin and catchment area management plans" title="River basin and catchment area management plans"/>
			<item id="Collection, treatment, disposal and re-use of waste water" title="Collection, treatment, disposal and re-use of waste water"/>
			<item id="Prevention of salinisation and treatment of brackish water" title="Prevention of salinisation and treatment of brackish water"/>
			<item id="Programmes to tackle water losses" title="Programmes to tackle water losses"/>
			<item id="Reduction of irrigation inputs" title="Reduction of irrigation inputs"/>
			<item id="Administrative management of water resources" title="Administrative management of water resources"/>
			<item id="Data collection, analysis, monitoring" title="Data collection, analysis, monitoring"/>
			<item id="Capacity building" title="Capacity building"/>
			<item id="Networking, participation and partnership building" title="Networking, participation and partnership building"/>
		</reflist>
	</portlets>
	<properties>
		<language code="ar" />
		<language code="fr" />
	</properties>
	<security>
		<grouppermissions name="Add content" description="Create Naaya objects. Editing, publishing and deleting them are not granted as a part of thisprivilege."
			permissions="Naaya - Access administrative area,Naaya - Add Naaya Folder objects,Naaya - Add Naaya Document objects,Naaya - Add Naaya Event objects,Naaya - Add Naaya File objects,Naaya - Add Naaya News objects,Naaya - Add Naaya Pointer objects,Naaya - Add Naaya Story objects,Naaya - Add Naaya URL objects,Naaya - Add Naaya SMAP Expert objects,Naaya - Add Naaya SMAP Project objects,Naaya - Add Naaya Photo,Naaya - Add Naaya Media File objects,Take ownership"/>
	</security>
	<others>
		<nyexp_schema url="http://svn.eionet.eu.int/repositories/Zope/trunk/Naaya/NaayaDocuments/schemas/smap/naaya-smap-nyexp-1.0.0.xsd"/>
	</others>
</skel>
