<main>
<charentity>
<begin>ABW</begin>
</charentity>

<document>
<begin>
</begin>
<end>
</end>
</document>

<section>
<begin>
</begin>
<end>
</end>
</section>

<justification>
<left></left>
<right></right>
<center></center>
<block></block>
<asian></asian>
</justification>

<numbering>
<Arabic>type=&quot;1&quot;</Arabic>
<UpperRoman>type=&quot;I&quot;</UpperRoman>
<LowerRoman>type=&quot;i&quot;</LowerRoman>
<UpperCaseN>type=&quot;A&quot;</UpperCaseN>
<LowerCaseN>type=&quot;a&quot;</LowerCaseN>
</numbering>

<border>
<noned></noned>
<singled></singled>
<thickd></thickd>
<doubled></doubled>
<number4d></number4d>
<hairlined></hairlined>
<dotd></dotd>
<dashlargegapd></dashlargegapd>
<dotdashd></dotdashd>
<dotdotdashd></dotdotdashd>
<tripled></tripled>
<thin-thicksmallgapd></thin-thicksmallgapd>
<thick-thinsmallgapd></thick-thinsmallgapd>
<thin-thick-thinsmallgapd></thin-thick-thinsmallgapd>
<thin-thickmediumgapd></thin-thickmediumgapd>
<thick-thinmediumgapd></thick-thinmediumgapd>
<thin-thick-thinmediumgapd></thin-thick-thinmediumgapd>
<thin-thicklargegapd></thin-thicklargegapd>
<thick-thinlargegapd></thick-thinlargegapd>
<thin-thick-thinlargegapd></thin-thick-thinlargegapd>
<waved></waved>
<doublewaved></doublewaved>
<dashsmallgapd></dashsmallgapd>
<dashdotstrokedd></dashdotstrokedd>
<emboss3Dd></emboss3Dd>
<engrave3Dd></engrave3Dd>
<defaultd></defaultd>
</border>

<olist>
<begin></begin>
<end></end>
</olist>

<ulist>
<begin></begin>
<end></end>
</ulist>

<entry>
<begin></begin>
<end></end>
</entry>

<!-- the only thing of significance -->
<text>	
<begin></begin>
<end>
</end>
</text>

<!-- 
this tableoverride option can be used to turn off handling of
these tags in tables, which I find is necessary for at least netscape
-->
<tableoverrides>
<ParaBefore>0</ParaBefore>
<ParaRight>0</ParaRight>
<ParaAfter>0</ParaAfter>
<ParaLeft>0</ParaLeft>
<ParaLeft1>0</ParaLeft1>
<VertMergedCells>0</VertMergedCells>
</tableoverrides>

<table>
<begin></begin>
<end></end>
</table>

<row>
<begin></begin>
<end></end>
</row>

<cell>
<begin></begin>
<end></end>
</cell>

<paragraph>
<begin><text.begin/></begin>
<end><text.end/></end>
</paragraph>

<!-- these are all the character properties that can show up in word -->
<bold><begin></begin><end></end></bold>
<italic><begin></begin><end></end></italic>

<!--
text that has been deleted and will be displayed with strikethrough when
revision marked text is to be displayed

use either this line...
--> 
<RMarkDel><begin></begin>
<end></end>
</RMarkDel>

<!--
or uncomment below to make deleted text dissappear (well, become commented out)
-->
<!--
<RMarkDel><begin>&lt;!-&#45;</begin><end>-&#45;&gt;</end></RMarkDel>
-->

<!-- I don't even know what outline means -->
<outline><begin></begin><end></end></outline>
<smallcaps><begin></begin><end></end></smallcaps>
<caps><begin></begin><end></end></caps>
<vanish><begin></begin><end></end></vanish>

<!--If you uncomment this then the annotation text links will become commented out by html tags-->
<!--
<vanish><begin>&lt;!-&#45;</begin><end>-&#45;&gt;</end></vanish>
-->

<!--
text that has been newly typed since the last time revision marks have been accepted
and will be displayed with underline when revision marked text is to be displayed

use either this line...
-->
<RMark><begin></begin><end></end></RMark>

<!--
or uncomment below to make the underline dissappear
-->
<!--
<RMark><begin></begin><end></end></RMark>
-->


<strike><begin></begin><end></end></strike>
<shadow><begin></begin><end></end></shadow>
<lowercase><begin></begin><end></end></lowercase>
<emboss><begin></begin><end></end></emboss>
<imprint><begin></begin><end></end></imprint>
<!--double strike-->
<dstrike><begin></begin><end></end></dstrike>

<!--
ftc's
&
hps

keep them for font face and do that later.
-->

<super><begin></begin><end></end></super>
<sub><begin></begin><end></end></sub>

<singleu><begin></begin><end></end></singleu>
<wordu><begin></begin><end></end></wordu>
<doubleu><begin></begin><end></end></doubleu>
<dottedu><begin></begin><end></end></dottedu>
<hiddenu><begin></begin><end></end></hiddenu>
<thicku><begin></begin><end></end></thicku>
<dashu><begin></begin><end></end></dashu>
<dotu><begin></begin><end></end></dotu>
<dotdashu><begin></begin><end></end></dotdashu>
<dotdotdashu><begin></begin><end></end></dotdotdashu>
<waveu><begin></begin><end></end></waveu>

<!--
text whose properties have been changed since the last time revision marks have been accepted
and will be displayed with a note showing the change points.

use either this line (which admit it a bit scary looking, but harmless)...
--> 
<PropRMark><begin><ibstPropRMark/></begin><end></end></PropRMark>

<!--
or uncomment below to make the notes dissappear
-->
<!--
<PropRMark><begin></begin><end></end></PropRMark>
-->

<!--
<color>
-->
<Black><begin></begin><end></end></Black>
<Blue><begin></begin><end></end></Blue>
<Cyan><begin></begin><end></end></Cyan>
<Green><begin></begin><end></end></Green>
<Magenta><begin></begin><end></end></Magenta>
<Red><begin></begin><end></end></Red>
<Yellow><begin></begin><end></end></Yellow>
<White><begin></begin><end></end></White>
<DkBlue><begin></begin><end></end></DkBlue>
<DkCyan><begin></begin><end></end></DkCyan>
<DkGreen><begin></begin><end></end></DkGreen>
<DkMagenta><begin></begin><end></end></DkMagenta>
<DkRed><begin></begin><end></end></DkRed>
<DkYellow><begin></begin><end></end></DkYellow>
<DkGray><begin></begin><end></end></DkGray>
<LtGray><begin></begin><end></end></LtGray>
<!--
</color>
-->

<!--
<animation>
-->
<LasVegas><begin></begin><end></end></LasVegas>
<BackgroundBlink><begin></begin><end></end></BackgroundBlink>
<SparkleText><begin></begin><end></end></SparkleText>
<MarchingAnts><begin></begin><end></end></MarchingAnts>
<MarchingRedAnts><begin></begin><end></end></MarchingRedAnts>
<Shimmer><begin></begin><end></end></Shimmer>
<!--
</animation>
-->

<!--
I dont understand what this one is, and ive never come across it

use this sample line (which admit it a bit scary looking, but harmless)...
-->
<DispFldRMark><begin></begin><end></end></DispFldRMark>

<!--
or uncomment below to ignore it, the previous might even crash wv ?
-->
<!--
<DispFldRMark><begin></begin><end></end></DispFldRMark>
-->

<animation>
<begin><LasVegas.begin/><BackgroundBlink.begin/><SparkleText.begin/><MarchingAnts.begin/><MarchingRedAnts.begin/><Shimmer.begin/></begin>
<end><Shimmer.end/><MarchingRedAnts.end/><MarchingAnts.end/><SparkleText.end/><BackgroundBlink.end/><LasVegas.end/></end>
</animation>

<fontstr>
<begin></begin>
<end></end>
</fontstr>

<comment>
<begin>
</begin>
<end>
</end>
</comment>

<style name="Normal">
<character>
<begin><PropRMark.begin/><DispFldRMark.begin/><animation.begin/><fontstr.begin/><bold.begin/><italic.begin/><strike.begin/><RMarkDel.begin/><outline.begin/><smallcaps.begin/><caps.begin/><vanish.begin/><RMark.begin/><shadow.begin/><lowercase.begin/><emboss.begin/><imprint.begin/><dstrike.begin/><super.begin/><sub.begin/><singleu.begin/><wordu.begin/><doubleu.begin/><dottedu.begin/><hiddenu.begin/><thicku.begin/><dashu.begin/><dotu.begin/><dotdashu.begin/><dotdotdashu.begin/><waveu.begin/></begin>
<end><waveu.end/><dotdotdashu.end/><dotdashu.end/><dotu.end/><dashu.end/><thicku.end/><hiddenu.end/><dottedu.end/><doubleu.end/><wordu.end/><singleu.end/><sub.end/><super.end/><dstrike.end/><imprint.end/><emboss.end/><lowercase.end/><shadow.end/><RMark.end/><vanish.end/><caps.end/><smallcaps.end/><outline.end/><RMarkDel.end/><strike.end/><italic.end/><bold.end/><fontstr.end/><animation.end/><DispFldRMark.end/><PropRMark.end/></end>
</character>

<!-- Netscape does handle this correctly yet, here is how each different side of the border should work.
border-top: thin <bordertopstyle/> <bordertopcolor/>;
border-left: thin <borderleftstyle/> <borderleftcolor/>;
border-right: thin <borderrightstyle/> <borderrightcolor/>;
border-bottom: thin <borderbottomstyle/> <borderbottomcolor/>
-->


<pmargin>
<begin><!-- <mmParaBefore/> <mmParaRight/> <mmParaAfter/> <mmParaLeft/>;--></begin>
</pmargin>

<pborder>
<begin>
<!--
border: thin <borderleftstyle/> <borderleftcolor/>;
border-top: thin <bordertopstyle/> <bordertopcolor/>;
border-left: thin <borderleftstyle/> <borderleftcolor/>;
border-right: thin <borderrightstyle/> <borderrightcolor/>;
border-bottom: thin <borderbottomstyle/> <borderbottomcolor/>
-->
</begin>
</pborder>

<picture>
<begin>
</begin>
<!-- images are lacking for now -->

</picture>

</style>

<!--we need to be override the character properties-->
<!--
<style name="Normal">
<character>
<begin><PropRMark.begin/><DispFldRMark.begin/><animation.begin/><fontstr.begin/><bold.begin/><italic.begin/><strike.begin/><RMarkDel.begin/><outline.begin/><smallcaps.begin/><caps.begin/><vanish.begin/><RMark.begin/><shadow.begin/><lowercase.begin/><emboss.begin/><imprint.begin/><dstrike.begin/><super.begin/><sub.begin/><singleu.begin/><wordu.begin/><doubleu.begin/><dottedu.begin/><hiddenu.begin/><thicku.begin/><dashu.begin/><dotu.begin/><dotdashu.begin/><dotdotdashu.begin/><waveu.begin/></begin>
<end><waveu.end/><dotdotdashu.end/><dotdashu.end/><dotu.end/><dashu.end/><thicku.end/><hiddenu.end/><dottedu.end/><doubleu.end/><wordu.end/><singleu.end/><sub.end/><super.end/><dstrike.end/><imprint.end/><emboss.end/><lowercase.end/><shadow.end/><RMark.end/><vanish.end/><caps.end/><smallcaps.end/><outline.end/><RMarkDel.end/><strike.end/><italic.end/><bold.end/><fontstr.end/><animation.end/><DispFldRMark.end/><PropRMark.end/></end>
</character>

<text>	
<begin></begin>
<end>
</end>
</text>

</style>

<style name="Heading 1">

<character>
<begin></begin>
<end></end>
</character>

<text>	
<begin></begin>
<end>
</end>
</text>



</style>
-->

</main>
