<?xml version="1.0" encoding="utf-8"?>
<skel>
	<forms>
		<form id="folder_index" title="NyFolder default view" />
		<form id="site_index" title="Portal home page" />
		<form id="site_login" title="Portal login" />
		<form id="site_search" title="Search page" />
		<form id="site_feedback" title="Portal feedback"/>
		<form id="site_admin_updates" title="Portal administration - update/commit"/>
		<form id="folder_menusubmissions" title="Menu submissions for folder" />
		<form id="projects_search" title="Search projects by country"/>
		<form id="experts_search" title="Search experts by country"/>
		<form id="languages_box" title="Box for changing the language on pages"/>
		<form id="folder_impex_commit" title="Folder commit content"/>
		<form id="folder_impex_export" title="Folder export content"/>
		<form id="folder_impex_import" title="Folder import content"/>
		<form id="folder_impex_update" title="Folder update content"/>
		<form id="site_admin_reflists" title="Portal administration - selection lists"/>
	</forms>
	<emails>
		<emailtemplate id="email_createaccount" title="Create account"/>
	</emails>
	<layout default_skin_id="smap" default_scheme_id="blue">
		<skin id="smap" title="SMAP">
			<template id="site_header" title="Portal standard HTML header"/>
			<template id="site_footer" title="Portal standard HTML footer"/>
			<template id="portlet_left_macro" title="Macro for left portlets"/>
			<template id="portlet_center_macro" title="Macro for center portlets"/>
			<template id="portlet_right_macro" title="Macro for right portlets"/>
			<template id="folder_administration_macro" title="Folder administration macro page"/>
			<template id="folder_impex_macro" title="Folder Import/Export macro page"/>
			<scheme id="blue" title="Blue">
				<image id="bck_li.gif" title=""/>
				<image id="bck_top.jpg" title=""/>
				<image id="bckg_left.jpg" title=""/>
				<image id="rtitle_bullet.gif" title=""/>
				<image id="rtitle_bullet_ar.gif" title=""/>
				<image id="titl_bullet.gif" title=""/>
				<image id="titl_bullet_ar.gif" title=""/>
				<style id="style" title="Main CSS"/>
				<style id="style_rtl" title="CSS for RTL languages" />
				<style id="style_common_rtl" title="CSS for common elements for RTL languages" />
				<style id="style_common" title="CSS for common elements" />
				<style id="style_print" title="CSS for media print" />
				<image id="screenshot.gif" title="Skin screenshot"/>
				<image id="sort_asc.gif" title=""/>
				<image id="sort_desc.gif" title=""/>
			</scheme>
		</skin>
	</layout>
	<pluggablecontenttypes>
		<pluggablecontenttype meta_type="Naaya Media File" action="1"/>
		<pluggablecontenttype meta_type="Naaya File" action="0"/>
		<pluggablecontenttype meta_type="Naaya Extended File" action="1"/>
		<pluggablecontenttype meta_type="Naaya SMAP Project" action="1"/>
		<pluggablecontenttype meta_type="Naaya SMAP Expert" action="1"/>
		<pluggablecontenttype meta_type="Naaya Contact" action="1"/>
	</pluggablecontenttypes>
	<portlets left="portlet_quick_links,1,portlet_left_side" center="portlet_latestuploads_rdf">
		<portlet id="portlet_rdfcalendar" title="RDF Calendar"/>
		<portlet id="portlet_administration" title="Administration" />
		<portlet id="portlet_left_side" title="Left-side navigation" />
		<portlet id="portlet_quick_links" title="Left-side quick links" />
		<portlet id="portlet_folder_impex" title="Export/Import"/>
		<linkslist id="menunav_links" title="Menu navigation links" portlet="">
			<link id="108" title="About us" description="" url="/about" relative="1" permission="" order="9"/>
			<link id="109" title="Sitemap" description="" url="/sitemap_html" relative="1" permission="" order="9"/>
			<link id="110" title="Administration" description="" url="/admin_centre_html" relative="1" permission="Publish content" order="10"/>
		</linkslist>
		<linkslist id="places" title="Places" portlet="1">
			<link id="11" title="Europa" description="European Union on-line" url="http://europa.eu/" relative="0" permission="" order="10"/>
			<link id="12" title="EEA Home" description="European Environment Agency" url="http://www.eea.europa.eu" relative="0" permission="" order="20"/>
			<link id="13" title="EIONET" description="EIONET" url="http://www.eionet.europa.eu/" relative="0" permission="" order="30"/>
			<link id="14" title="CIRCA Forum" description="CIRCA Forum" url="http://forum.europa.eu.int/" relative="0" permission="" order="40"/>
		</linkslist>
		<linkslist id="footer_links" title="Footer links" portlet="">
			<link id="20" title="Copyright" description="" url="/about/copyright" relative="1" permission="" order="10"/>
			<link id="21" title="Contact us" description="" url="/about/contact_html" relative="1" permission="" order="20"/>
			<link id="22" title="Webmaster" description="" url="/feedback_html" relative="1" permission="" order="30"/>
			<link id="24" title="Accessibility statement" description="" url="/about/accessibility" relative="1" permission="" order="50"/>
		</linkslist>
		<reflist id="countries" title="Countries" description="List of countries used by Naaya SMAP Project objects. When adding or editing projects, the end users will be able to choose from list below.">
			<item id="Albania" title="Albania"/>
			<item id="Algeria" title="Algeria"/>
			<item id="Bosnia&amp;Herzegovina" title="Bosnia&amp;Herzegovina"/>
			<item id="Croatia" title="Croatia"/>
			<item id="Cyprus" title="Cyprus"/>
			<item id="Egypt" title="Egypt"/>
			<item id="France" title="France"/>
			<item id="Greece" title="Greece"/>
			<item id="Israel" title="Israel"/>
			<item id="Italy" title="Italy"/>
			<item id="Jordan" title="Jordan"/>
			<item id="Lebanon" title="Lebanon"/>
			<item id="Lybia" title="Lybia"/>
			<item id="Malta" title="Malta"/>
			<item id="Morocco" title="Morocco"/>
			<item id="Palestinian Authority" title="Palestinian Authority"/>
			<item id="Serbia&amp;Montenegro" title="Serbia&amp;Montenegro"/>
			<item id="Slovenia" title="Slovenia"/>
			<item id="Spain" title="Spain"/>
			<item id="Syria" title="Syria"/>
			<item id="Tunisia" title="Tunisia"/>
			<item id="Turkey" title="Turkey"/>
		</reflist>
<reflist id="priorities_types" title="Projects area" description="Types used by Naaya SMAP Project objects. When adding or editing projects, the end users will be able to choose from list below.">
	<item id="Biodiversity" title="Biodiversity (projects)" />
	<item id="Desertification" title="Desertification (projects)" />
	<item id="Integrated Coastal Zone Management" title="Integrated Coastal Zone Management (projects)" />
	<item id="Legislation, regulatory and planning measures" title="Legislation, regulatory and planning measures (projects)" />
	<item id="Polluted Areas" title="Polluted Areas (projects)" />
	<item id="Waste Management" title="Waste Management (projects)" />
	<item id="Water Management" title="Water Management (projects)" />
</reflist>
<reflist id="focuses_bio" title="Biodiversity (projects)" description="Types used by Naaya SMAP Project objects. When adding or editing projects, the end users will be able to choose from list below.">
	<item id="Capacity building" title="Capacity building" />
	<item id="Data collection, analysis, monitoring" title="Data collection, analysis, monitoring" />
	<item id="Institutional, organisational and economic arrangements" title="Institutional, organisational and economic arrangements" />
	<item id="Legislation and regulatory measures" title="Legislation and regulatory measures" />
	<item id="Management plans and demonstration actions" title="Management plans and demonstration actions" />
	<item id="Networking, participation and partnership building" title="Networking, participation and partnership building" />
	<item id="Sustainable use and management of biodiversity and of natural resources" title="Sustainable use and management of biodiversity and of natural resources" />
</reflist>
<reflist id="focuses_des" title="Desertification (projects)" description="Types used by Naaya SMAP Project objects. When adding or editing projects, the end users will be able to choose from list below.">
	<item id="Capacity building" title="Capacity building" />
	<item id="Combating abandoning of the agricultural land" title="Combating abandoning of the agricultural land" />
	<item id="Combating erosion and sand dunes deposit" title="Combating erosion and sand dunes deposit" />
	<item id="Data collection, analysis, monitoring" title="Data collection, analysis, monitoring" />
	<item id="Increasing water availability" title="Increasing water availability" />
	<item id="Legislation and regulatory measures" title="Legislation and regulatory measures" />
	<item id="Networking, participatory processes and partnership building" title="Networking, participatory processes and partnership building" />
	<item id="Preventing salinisation of soils" title="Preventing salinisation of soils" />
	<item id="Protecting the existing forest ecosystems" title="Protecting the existing forest ecosystems" />
	<item id="Sustainable agriculture practices" title="Sustainable agriculture practices" />
	<item id="Water harvesting techniques " title="Water harvesting techniques" />
</reflist>
<reflist id="focuses_int" title="Integrated Coastal Zone Management (projects)" description="Types used by Naaya SMAP Project objects. When adding or editing projects, the end users will be able to choose from list below.">
	<item id="Capacity building" title="Capacity building" />
	<item id="Combat against accidental oil spills" title="Combat against accidental oil spills" />
	<item id="Combat pollution from marine and land-based sources" title="Combat pollution from marine and land-based sources" />
	<item id="Conservation and management of biodiversity" title="Conservation and management of biodiversity" />
	<item id="Data collection, analysis, monitoring" title="Data collection, analysis, monitoring" />
	<item id="Environmentally sound initiatives for Fisheries" title="Environmentally sound initiatives for Fisheries" />
	<item id="Legislation and regulatory measures" title="Legislation and regulatory measures" />
	<item id="Networking, participation and partnership building" title="Networking, participation and partnership building" />
	<item id="Port Reception Facilities for treatment of waste" title="Port Reception Facilities for treatment of waste" />
	<item id="Prevention and combat of forest fires" title="Prevention and combat of forest fires" />
	<item id="Prevention, reduction and control of marine and coastal litter" title="Prevention, reduction and control of marine and coastal litter" />
	<item id="Protection from erosion and degradation" title="Protection from erosion and degradation" />
	<item id="Restoration of damaged soils and plant cover" title="Restoration of damaged soils and plant cover" />
	<item id="Solid Waste Management" title="Solid Waste Management" />
	<item id="Sustainable agricultural and silvicultural practices" title="Sustainable agricultural and silvicultural practices" />
	<item id="Sustainable development for Mediterranean islands" title="Sustainable development for Mediterranean islands" />
	<item id="Sustainable development of tourism areas" title="Sustainable development of tourism areas" />
	<item id="Waste Water Management" title="Waste Water Management" />
</reflist>
<reflist id="focuses_leg" title="Legislation, regulatory and planning measures (projects)" description="Types used by Naaya SMAP Project objects. When adding or editing projects, the end users will be able to choose from list below.">
</reflist>
<reflist id="focuses_pol" title="Polluted Areas (projects)" description="Types used by Naaya SMAP Project objects. When adding or editing projects, the end users will be able to choose from list below.">
	<item id="Capacity building" title="Capacity building" />
	<item id="Data collection, analysis, monitoring" title="Data collection, analysis, monitoring" />
	<item id="Integrated approach to reduce highly polluting emissions in industrial areas" title="Integrated approach to reduce highly polluting emissions in industrial areas" />
	<item id="Integrated management of highly polluted urban areas" title="Integrated management of highly polluted urban areas" />
	<item id="Legislation and regulatory measures" title="Legislation and regulatory measures" />
	<item id="Management of energy and transport systems" title="Management of energy and transport systems" />
	<item id="Networking, participation and partnership building" title="Networking, participation and partnership building" />
	<item id="Protection of green areas" title="Protection of green areas" />
	<item id="Reduce air pollution" title="Reduce air pollution" />
</reflist>
<reflist id="focuses_was" title="Waste Management (projects)" description="Types used by Naaya SMAP Project objects. When adding or editing projects, the end users will be able to choose from list below.">
	<item id="Capacity building" title="Capacity building" />
	<item id="Collection, treatment and safe disposal of municipal, industrial and hazardous waste" title="Collection, treatment and safe disposal of municipal, industrial and hazardous waste" />
	<item id="Disposal of dredging spoils and used oils" title="Disposal of dredging spoils and used oils" />
	<item id="Guidelines for effective waste management" title="Guidelines for effective waste management" />
	<item id="Legislation and regulatory measures" title="Legislation and regulatory measures" />
	<item id="Networking, participation and partnership building" title="Networking, participation and partnership building" />
	<item id="Statistical methodologies and national waste inventories" title="Statistical methodologies and national waste inventories" />
	<item id="Tackle systematically waste from tourism-related activities" title="Tackle systematically waste from tourism-related activities" />
	<item id="Waste disposal methods and sites presenting a risk for the environment" title="Waste disposal methods and sites presenting a risk for the environment" />
	<item id="Waste reduction, re-use and recycling" title="Waste reduction, re-use and recycling" />
</reflist>
<reflist id="focuses_wat" title="Water Management (projects)" description="Types used by Naaya SMAP Project objects. When adding or editing projects, the end users will be able to choose from list below.">
	<item id="Administrative management of water resources" title="Administrative management of water resources" />
	<item id="Capacity building" title="Capacity building" />
	<item id="Collection, treatment, disposal and re-use of waste water" title="Collection, treatment, disposal and re-use of waste water" />
	<item id="Data collection, analysis, monitoring" title="Data collection, analysis, monitoring" />
	<item id="Evaluation and monitoring of water quality and quantity" title="Evaluation and monitoring of water quality and quantity" />
	<item id="Legislation and regulatory measures" title="Legislation and regulatory measures" />
	<item id="Networking, participation and partnership building" title="Networking, participation and partnership building" />
	<item id="Prevention of salinisation and treatment of brackish water" title="Prevention of salinisation and treatment of brackish water" />
	<item id="Programmes to tackle water losses" title="Programmes to tackle water losses" />
	<item id="Protection of water reservoirs and wetlands" title="Protection of water reservoirs and wetlands" />
	<item id="Provision of safe drinking water" title="Provision of safe drinking water" />
	<item id="eduction of irrigation inputs" title="Reduction of irrigation inputs" />
	<item id="River basin and catchment area management plans" title="River basin and catchment area management plans" />
	<item id="Waste water treatment systems" title="Waste water treatment systems" />
	<item id="Water conservation " title="Water conservation" />
</reflist>
<reflist id="priorities_types_exp" title="Topics of expertise" description="Types used by Naaya SMAP Expert objects. When adding or editing experts, the end users will be able to choose from list below.">
	<item id="rli694716" title="Air (experts)" />
	<item id="Biodiversity" title="Biodiversity (experts)" />
	<item id="Business_and_industry" title="Business and industry (experts)" />
	<item id="Climate_Change" title="Climate Change (experts)" />
	<item id="Desertification" title="Desertification (experts)" />
	<item id="Economics" title="Economics (experts)" />
	<item id="Environmental_education" title="Environmental education &amp; awareness raising (experts)" />
	<item id="Legislation" title="Environmental legislation (experts)" />
	<item id="Management" title="Environmental management (experts)" />
	<item id="Human_Health" title="Human Health (experts)" />
	<item id="Information" title="Information management (experts)" />
	<item id="Integrated Coastal Zone Management" title="Integrated Coastal Zone Management (experts)" />
	<item id="Cooperation" title="International environmental cooperation (experts)" />
	<item id="Land" title="Land (experts)" />
	<item id="Major_risks__experts_" title="Major risks (experts)" />
	<item id="Sea" title="Sea (experts)" />
	<item id="Wastes" title="Wastes (experts)" />
	<item id="Water" title="Water (experts)" />
</reflist>
<reflist id="focuses_des_exp" title="Desertification (experts)" description="Types used by Naaya SMAP Expert objects. When adding or editing experts, the end users will be able to choose from list below.">
	<item id="rli667106" title="Agroforestry &amp; silvopastoral systems" />
	<item id="rli903242" title="Climate" />
	<item id="rli364833" title="Deforestation" />
	<item id="rli213647" title="Indicators" />
	<item id="rli326645" title="Soil &amp; water management" />
	<item id="rli692897" title="Soil degradation" />
	<item id="rli127205" title="Soil regeneration" />
</reflist>
<reflist id="focuses_int_exp" title="Integrated Coastal Zone Management (experts)" description="Types used by Naaya SMAP Expert objects. When adding or editing experts, the end users will be able to choose from list below.">
	<item id="rli662568" title="Carrying Capacity Assessment (CCA)" />
	<item id="Conservation and management of biodiversity" title="Conservation and management of biodiversity" />
	<item id="rli113890" title="ICZM approaches and methodologies" />
	<item id="rli075021" title="ICZM indicators" />
	<item id="rli385782" title="Integrated river basin management approaches and methodologies" />
	<item id="rli420262" title="Integrated/spatial planning" />
	<item id="rli965414" title="Sustainable aquaculture &amp; coastal fisheries" />
</reflist>
<reflist id="focuses_rli_exp" title="Air (experts)" description="">
	<item id="rli796456" title="Air pollutants" />
	<item id="rli009213" title="Air pollution monitoring" />
	<item id="rli086048" title="Air quality" />
	<item id="rli709046" title="Atmospheric deposition" />
	<item id="rli835807" title="Industrial emissions" />
	<item id="rli413660" title="Vehicles emissions" />
</reflist>
<reflist id="focuses_lan_exp" title="Land (experts)" description="">
	<item id="rli919440" title="Geography" />
	<item id="rli526688" title="Geology" />
	<item id="rli478052" title="Geophysics" />
	<item id="rli109189" title="Land coverage" />
	<item id="rli154461" title="Land degradation" />
	<item id="rli195617" title="Land use" />
	<item id="rli558504" title="Landscape" />
	<item id="rli709250" title="Open space conservation" />
	<item id="rli063887" title="Pedology (soil resources, soil pollution, soil erosion)" />
	<item id="rli740816" title="Rehabilitation" />
</reflist>
<reflist id="focuses_wat_exp" title="Water (experts)" description="Surface &amp; ground fresh waters">
	<item id="rli612016" title="Biological assessment" />
	<item id="rli303353" title="Irrigation" />
	<item id="rli167251" title="Urban/municipal waste water" />
	<item id="rli878183" title="Water conservation" />
	<item id="rli358736" title="Water management" />
	<item id="rli915866" title="Water pollution" />
	<item id="rli030250" title="Water resources" />
</reflist>
<reflist id="focuses_cli_exp" title="Climate Change (experts)" description="">
	<item id="rli390155" title="Adaptation" />
	<item id="rli782875" title="Economic impacts" />
	<item id="rli852032" title="Environmental impacts" />
	<item id="rli921645" title="Global warming" />
	<item id="rli645204" title="Greenhouse effect" />
	<item id="rli780897" title="Greenhouse gas" />
	<item id="rli472673" title="Mitigation" />
</reflist>
<reflist id="focuses_hum_exp" title="Human health (experts)" description="">
	<item id="rli634330" title="Diseases" />
	<item id="rli460543" title="Health assessments" />
	<item id="rli200523" title="Risk assessment" />
	<item id="rli057646" title="Toxicology" />
</reflist>
<reflist id="focuses_maj_exp" title="Major risks (experts)" description="">
	<item id="rli442024" title="Assessment &amp; management" />
	<item id="rli035454" title="Chemical accidents" />
	<item id="rli114593" title="Environmental risk" />
	<item id="rli034853" title="Natural disasters" />
	<item id="rli557019" title="Oil spills" />
	<item id="rli415334" title="War &amp; conflicts" />
</reflist>
<reflist id="focuses_was_exp" title="Wastes (experts)" description="">
	<item id="rli259999" title="Hazardous wastes (industrial, medical, mining)" />
	<item id="rli820868" title="Recycling" />
	<item id="rli948423" title="Reduction /on source reduction" />
	<item id="rli730272" title="Reuse" />
	<item id="rli387839" title="Solid waste treatment" />
	<item id="rli793004" title="Waste management" />
	<item id="rli261175" title="Waste water treatment" />
	<item id="rli353324" title="Wastes disposal &amp; dumping" />
</reflist>
<reflist id="focuses_bio_exp" title="Biodiversity (experts)" description="">
	<item id="rli676137" title="Biology" />
	<item id="rli364671" title="Ecological and ecosystems assessment" />
	<item id="rli385684" title="Ecological restoration" />
	<item id="rli886753" title="Ecology" />
	<item id="rli142491" title="Nature protection" />
	<item id="rli029225" title="Risk assessment" />
	<item id="rli552355" title="Risk management" />
</reflist>
<reflist id="focuses_sea_exp" title="Sea (experts)" description="">
	<item id="rli627823" title="Coastal dynamics" />
	<item id="rli234270" title="Coastal ecosystems" />
	<item id="rli355512" title="Coastal risks assessment" />
	<item id="rli497093" title="Marine pollution (water, biota, sediments)" />
	<item id="rli577540" title="Oceanography (biology)" />
	<item id="rli479127" title="Oceanography (physics)" />
</reflist>
<reflist id="focuses_bus_exp" title="Business and industry (experts)" description="">
	<item id="rli352984" title="Best Available Technologies (BAT)" />
	<item id="rli027627" title="Cleaner production" />
	<item id="rli482811" title="Eco-efficiency" />
	<item id="rli541547" title="Environmental Management Systems (EMS)" />
	<item id="rli731182" title="Environmental performance" />
	<item id="rli248076" title="Industrial processes" />
	<item id="rli696787" title="Integrated pollution prevention and control (IPCC)" />
	<item id="rli082138" title="Productivity indicators" />
	<item id="rli412451" title="Reporting" />
</reflist>
<reflist id="focuses_eco_exp" title="Economics (experts)" description="">
	<item id="rli275093" title="Economic instruments" />
	<item id="rli022418" title="Environmental accounting" />
	<item id="rli906703" title="Environmental auditing" />
	<item id="rli263203" title="Environmental economics" />
	<item id="rli485430" title="Financing &amp; grants" />
</reflist>
<reflist id="focuses_env_exp" title="Environmental education &amp; awareness raising (experts)" description="">
	<item id="rli892921" title="Capacity building" />
	<item id="rli508770" title="E-learning" />
	<item id="rli096865" title="Environmental websites" />
	<item id="rli487723" title="Public participation" />
	<item id="rli879437" title="Traditional (university, schools)" />
</reflist>
<reflist id="focuses_leg_exp" title="Environmental legislation (experts)" description="">
	<item id="rli511511" title="Compliance &amp; enforcement" />
	<item id="rli207004" title="EC legislation and harmonisation" />
	<item id="rli142693" title="Inspection" />
	<item id="rli262469" title="Preparation" />
</reflist>
<reflist id="focuses_man_exp" title="Environmental management (experts)" description="">
	<item id="rli676937" title="Environmental Impact Assessment (EIA)" />
	<item id="rli240933" title="Environmental Management Systems (e.g. ISO 14001, EMAS)" />
	<item id="rli164983" title="Environmental indicators" />
	<item id="rli829968" title="Environmental monitoring" />
	<item id="rli121842" title="Environmental planning" />
	<item id="rli071202" title="Environmental policy" />
	<item id="rli667319" title="Environmental statistics" />
	<item id="rli357785" title="Quality assurance" />
	<item id="rli351357" title="Standards" />
	<item id="rli788080" title="Strategic Environment Assessment (SEA)" />
</reflist>
<reflist id="focuses_inf_exp" title="Information management (experts)" description="">
	<item id="rli708076" title="Clearing House" />
	<item id="rli538331" title="Databases development and management" />
	<item id="rli761900" title="Decision Support Systems (DDS)" />
	<item id="rli344439" title="Environmental software" />
	<item id="rli023648" title="Geographic Information System (GIS)" />
	<item id="rli341874" title="Modelling" />
</reflist>
<reflist id="focuses_coo_exp" title="International environmental cooperation (experts)" description="">
	<item id="rli512494" title="International conventions" />
	<item id="rli945976" title="International environmental policy" />
	<item id="rli274862" title="International partenariat" />
	<item id="rli861932" title="Technology cooperation" />
	<item id="rli607268" title="Transboundary cooperation" />
</reflist>
	</portlets>
	<properties>
		<language code="ar" />
		<language code="fr" />
	</properties>
	<security>
		<grouppermissions name="Add content" description="Create Naaya objects. Editing, publishing and deleting them are not granted as a part of thisprivilege."
			permissions="Naaya - Access administrative area,Naaya - Add Naaya Folder objects,Naaya - Add Naaya Document objects,Naaya - Add Naaya Event objects,Naaya - Add Naaya File objects,Naaya - Add Naaya News objects,Naaya - Add Naaya Pointer objects,Naaya - Add Naaya Story objects,Naaya - Add Naaya URL objects,Naaya - Add Naaya SMAP Expert objects,Naaya - Add Naaya SMAP Project objects,Naaya - Add Naaya Photo,Naaya - Add Naaya Media File objects,Naaya - Add Naaya GeoPoint objects,Naaya - Add Naaya Contact objects,Naaya Forum Message,Take ownership"/>
		<grouppermissions name="Edit content" description="Adding, publishing and deleting are not granted as a part of this privilege. Edit content is only allowed for owners if users do not have the 'Naaya - Publish content' permission."
			permissions="Naaya - Access administrative area,Naaya - Edit content,Add Naaya Forum,Add Naaya Forum Message,Add/Edit/Delete Naaya Forum Topic,Edit/Delete Forum Message,Take ownership"/>
	</security>
	<others>
		<nyexp_schema url="http://svn.eionet.eu.int/repositories/Zope/trunk/Naaya/NaayaDocuments/schemas/smap/naaya-smap-nyexp-1.0.0.xsd"/>
	</others>
</skel>
