<?xml version="1.0" encoding="UTF-8"?>
<xsl:stylesheet version="1.0" xmlns:xsl="http://www.w3.org/1999/XSL/Transform">

<!--Page translations-->
<xsl:template name="main_heading">EMWIS instant notification (to be translated in arabic)</xsl:template>
<!--End of page translations-->

<xsl:template match="/inotif">
    <div class="inotif" lang="{@lang}" xml:lang="{@lang}">
        <xsl:if test="@isrtl = 'True'">
            <xsl:attribute name="dir">rtl</xsl:attribute>
        </xsl:if>
        <h1><xsl:call-template name="main_heading"/></h1>
        <xsl:for-each select="objects/object">
        <div style="margin:0.2em 0em 1.3em 0em;"><!--Sections from the XML-->
            <h2 style="font-family: arial, verdana, sans-serif;margin:0;"><!--Heading of the sections-->
                <a href="{@url}">
                    <xsl:value-of select="@title"/>
                </a>
                <em style="font-size:60%;font-weight:normal;"> (<xsl:value-of select="@releasedate"/>)</em>
            </h2>
            <p style="margin:0;"><!--Description-->
                <xsl:value-of disable-output-escaping="yes" select="description"/>
            </p>
        </div>
        </xsl:for-each>
    </div>
</xsl:template>
</xsl:stylesheet>