<?xml version="1.0" encoding="UTF-8"?>
<xsl:stylesheet version="1.0" xmlns:xsl="http://www.w3.org/1999/XSL/Transform">
<xsl:output method="text" />

<!--Page translations-->
<!--section titles, these should be translated for each language-->
<!--These should have a case defined in the "headings" template-->
<xsl:variable name="headline">الافتتاحية</xsl:variable>
<xsl:variable name="inbrief">مختصرات</xsl:variable>
<xsl:variable name="nominations">تعيينات و وظائف شاغرة</xsl:variable>
<xsl:variable name="awards">Awards &amp; Prizes</xsl:variable>
<xsl:variable name="publications">إصدارات</xsl:variable>
<xsl:variable name="proposal">إعلانات</xsl:variable>
<xsl:variable name="papers">طلب مشاركات</xsl:variable>
<xsl:variable name="training">Training and courses</xsl:variable>
<xsl:variable name="events">أحداث</xsl:variable>
<xsl:variable name="sitemap">أحداث</xsl:variable>
<xsl:variable name="contact">اتصل بنا</xsl:variable>
<!--end section titles-->

<xsl:template name="trans_toc">Table of content</xsl:template>
<xsl:template name="trans_publisher">Publisher</xsl:template>
<xsl:template name="trans_link">Link</xsl:template>
<xsl:template name="trans_further_info">Further information on </xsl:template>
<xsl:template name="trans_further_site">EMWIS website</xsl:template>
<!--End of page translations-->

<xsl:template name="headings"><!--template used for section headings (in TOC and in the listing of documents)-->
    <xsl:choose><!--Set section heading depending on 'id' attribute-->
      <xsl:when test="@id='headline'"><xsl:value-of disable-output-escaping="yes" select="$headline" /></xsl:when>
      <xsl:when test="@id='inbrief'"><xsl:value-of disable-output-escaping="yes" select="$inbrief" /></xsl:when>
      <xsl:when test="@id='nominations'"><xsl:value-of disable-output-escaping="yes" select="$nominations" /></xsl:when>
      <xsl:when test="@id='awards'"><xsl:value-of disable-output-escaping="yes" select="$awards" /></xsl:when>
      <xsl:when test="@id='publications'"><xsl:value-of disable-output-escaping="yes" select="$publications" /></xsl:when>
      <xsl:when test="@id='proposal'"><xsl:value-of disable-output-escaping="yes" select="$proposal" /></xsl:when>
      <xsl:when test="@id='papers'"><xsl:value-of disable-output-escaping="yes" select="$papers" /></xsl:when>
      <xsl:when test="@id='training'"><xsl:value-of disable-output-escaping="yes" select="$training" /></xsl:when>
      <xsl:when test="@id='events'"><xsl:value-of disable-output-escaping="yes" select="$events" /></xsl:when>
      <xsl:when test="@id='sitemap'"><xsl:value-of disable-output-escaping="yes" select="$sitemap" /></xsl:when>
      <xsl:when test="@id='contact'"><xsl:value-of disable-output-escaping="yes" select="$contact" /></xsl:when>
      <xsl:otherwise>WARNING: unnamed SECTION element was found with id="<xsl:value-of select="@id" />". The XSLT file(s) should be edited to offer a title for this section.</xsl:otherwise>
    </xsl:choose>
</xsl:template>

<xsl:template match="/eflash">=====================================================================
<xsl:value-of select="title"/><!--Main heading and description of the eflash-->
=====================================================================
<xsl:if test="description != ''"><xsl:value-of disable-output-escaping="yes"  select="description"/></xsl:if>

<!--Table of content-->
<xsl:text>


</xsl:text>
<xsl:call-template name="trans_toc"/>
===========================================================<xsl:for-each select="sections/section">
<xsl:text>
 - </xsl:text>
<xsl:call-template name="headings"/>
<xsl:if test="@id='inbrief'">
    <xsl:for-each select="news">
        <xsl:text>
      - </xsl:text>
    <xsl:value-of disable-output-escaping="yes" select="@title"/>
    </xsl:for-each>
    </xsl:if>
</xsl:for-each>
<xsl:text>


</xsl:text>
<xsl:for-each select="sections/section">
<!--Sections from the XML-->
<!--Heading of the sections-->

<xsl:call-template name="headings"/>
===========================================================

<xsl:for-each select="*"><!--Loop through the elements in current section-->
<xsl:if test="@title!=''">
<xsl:if test="name()='news' or name()='document'"><!--heading for news and documents-->
<xsl:value-of select="@title"/>
</xsl:if>
<!--heading for events (includes dates too)-->
<xsl:if test="name()='event'"
>[<xsl:value-of select="@start_date"/> - <xsl:value-of select="@end_date"/>] <xsl:value-of select="@title"/>
</xsl:if>
----------------------------------------------------------
</xsl:if>
<!--description-->
<xsl:value-of disable-output-escaping="yes" select="description"/><xsl:text>
</xsl:text>
<xsl:if test="name()='document'"><!--if document display the publisher-->
<xsl:if test="@publisher!=''">- <xsl:call-template name="trans_publisher"/>: <xsl:value-of select="@publisher"/><xsl:text>
</xsl:text>
</xsl:if>
</xsl:if>
<xsl:if test="@url!=''">
- <xsl:call-template name="trans_further_info"/> <xsl:call-template name="trans_further_site"/>: <xsl:value-of select="@url"/>
</xsl:if>
<xsl:text>

</xsl:text>
</xsl:for-each>
</xsl:for-each>
If you want to UNSUBSCRIBE or change your subscription, follow this link: <xsl:value-of select="portal_url" />/FlashTool/profilesheet_html
This is a monthly Flash provided by the EMWIS Technical Unit, to which you can get a free subscription, click here for an open subscription: <xsl:value-of select="portal_url" />/FlashTool/subscribe_html
The EMWIS Flash gives you regular and quality information on the water sector in the Euro-Mediterranean area. The main headlines are: Institutions, Documentation, Training, Research and Development, Data Administration. You will also find updates on: international events, relevant web sites, the Euro-Med Water programme of the European Commission, and much more ...
This Flash exists also in French and Arabic, you can view it and also the previous issues in our website: <xsl:value-of select="portal_url" />/publications/eflash
This Flash is also yours, please give us your comments and information to improve it Contact the EMWIS Technical Unit: <xsl:value-of select="portal_url" />/feedback_html
This publication has been produced with the assistance of the European Commission. The content can in no way be taken to reflect the views of the European Union. This disclaimer is not intended to contravene any requirements laid down in applicable national law nor to exclude liability for matters which may not be excluded under that law.
</xsl:template>

</xsl:stylesheet>