<?xml version="1.0" encoding="UTF-8"?>
<xsl:stylesheet version="1.0" xmlns:xsl="http://www.w3.org/1999/XSL/Transform">
<xsl:output method="text" />

<!--Page translations-->
<xsl:template name="main_heading">EMWIS instant notification (to be translated in arabic)</xsl:template>
<xsl:template name="release_date">Release date</xsl:template>
<xsl:template name="url">URL</xsl:template>
<!--End of page translations-->

<xsl:template match="/inotif">=====================================================================
<xsl:call-template name="main_heading"/>
=====================================================================

<xsl:for-each select="objects/object">
<xsl:value-of select="@title"/>
---------------------------------------------------------------------
<xsl:value-of select="description" />
- <xsl:call-template name="release_date"/>: <xsl:value-of select="@releasedate"/> -
- <xsl:call-template name="url"/>: <xsl:value-of select="@url"/> -


</xsl:for-each>
</xsl:template>
</xsl:stylesheet>