<?xml version="1.0" encoding="iso-8859-1"?>
<words>
    <word text="am"/>
    <word text="area"/>
    <word text="ii"/>
    <word text="iii"/>
    <word text="per"/>
    <word text="po"/>
    <word text="re"/>
    <word text="a"/>
    <word text="about"/>
    <word text="above"/>
    <word text="across"/>
    <word text="after"/>
    <word text="afterwards"/>
    <word text="again"/>
    <word text="against"/>
    <word text="all"/>
    <word text="almost"/>
    <word text="alone"/>
    <word text="along"/>
    <word text="already"/>
    <word text="also"/>
    <word text="although"/>
    <word text="always"/>
    <word text="am"/>
    <word text="among"/>
    <word text="amongst"/>
    <word text="amoungst"/>
    <word text="amount"/>
    <word text="an"/>
    <word text="and"/>
    <word text="any"/>
    <word text="anyhow"/>
    <word text="anyone"/>
    <word text="anyway"/>
    <word text="anywhere"/>
    <word text="are"/>
    <word text="around"/>
    <word text="as"/>
    <word text="at"/>
    <word text="back"/>
    <word text="be"/>
    <word text="became"/>
    <word text="because"/>
    <word text="become"/>
    <word text="becomes"/>
    <word text="becoming"/>
    <word text="been"/>
    <word text="before"/>
    <word text="beforehand"/>
    <word text="behind"/>
    <word text="being"/>
    <word text="below"/>
    <word text="beside"/>
    <word text="besides"/>
    <word text="between"/>
    <word text="beyond"/>
    <word text="bill"/>
    <word text="both"/>
    <word text="bottom"/>
    <word text="but"/>
    <word text="by"/>
    <word text="can"/>
    <word text="cannot"/>
    <word text="cant"/>
    <word text="con"/>
    <word text="could"/>
    <word text="couldnt"/>
    <word text="cry"/>
    <word text="cycle"/>
    <word text="describe"/>
    <word text="detail"/>
    <word text="do"/>
    <word text="done"/>
    <word text="down"/>
    <word text="due"/>
    <word text="during"/>
    <word text="each"/>
    <word text="eg"/>
    <word text="eight"/>
    <word text="either"/>
    <word text="eleven"/>
    <word text="else"/>
    <word text="elsewhere"/>
    <word text="empty"/>
    <word text="enough"/>
    <word text="even"/>
    <word text="ever"/>
    <word text="every"/>
    <word text="everyone"/>
    <word text="everything"/>
    <word text="everywhere"/>
    <word text="except"/>
    <word text="few"/>
    <word text="fifteen"/>
    <word text="fifty"/>
    <word text="fill"/>
    <word text="find"/>
    <word text="fire"/>
    <word text="first"/>
    <word text="five"/>
    <word text="for"/>
    <word text="former"/>
    <word text="formerly"/>
    <word text="forty"/>
    <word text="found"/>
    <word text="four"/>
    <word text="from"/>
    <word text="front"/>
    <word text="full"/>
    <word text="further"/>
    <word text="get"/>
    <word text="give"/>
    <word text="go"/>
    <word text="had"/>
    <word text="has"/>
    <word text="hasnt"/>
    <word text="have"/>
    <word text="he"/>
    <word text="hence"/>
    <word text="her"/>
    <word text="here"/>
    <word text="hereafter"/>
    <word text="hereby"/>
    <word text="herein"/>
    <word text="hereupon"/>
    <word text="hers"/>
    <word text="herself"/>
    <word text="him"/>
    <word text="himself"/>
    <word text="his"/>
    <word text="how"/>
    <word text="however"/>
    <word text="hundred"/>
    <word text="i"/>
    <word text="ie"/>
    <word text="if"/>
    <word text="in"/>
    <word text="inc"/>
    <word text="indeed"/>
    <word text="interest"/>
    <word text="into"/>
    <word text="is"/>
    <word text="it"/>
    <word text="its"/>
    <word text="itself"/>
    <word text="keep"/>
    <word text="last"/>
    <word text="latter"/>
    <word text="latterly"/>
    <word text="least"/>
    <word text="less"/>
    <word text="made"/>
    <word text="map"/>
    <word text="many"/>
    <word text="may"/>
    <word text="me"/>
    <word text="meanwhile"/>
    <word text="might"/>
    <word text="mill"/>
    <word text="mine"/>
    <word text="more"/>
    <word text="moreover"/>
    <word text="most"/>
    <word text="mostly"/>
    <word text="move"/>
    <word text="much"/>
    <word text="must"/>
    <word text="my"/>
    <word text="myself"/>
    <word text="name"/>
    <word text="namely"/>
    <word text="neither"/>
    <word text="never"/>
    <word text="nevertheless"/>
    <word text="next"/>
    <word text="nine"/>
    <word text="no"/>
    <word text="nobody"/>
    <word text="none"/>
    <word text="noone"/>
    <word text="nor"/>
    <word text="not"/>
    <word text="nothing"/>
    <word text="now"/>
    <word text="nowhere"/>
    <word text="of"/>
    <word text="off"/>
    <word text="often"/>
    <word text="on"/>
    <word text="once"/>
    <word text="one"/>
    <word text="only"/>
    <word text="onto"/>
    <word text="or"/>
    <word text="other"/>
    <word text="others"/>
    <word text="otherwise"/>
    <word text="our"/>
    <word text="ours"/>
    <word text="ourselves"/>
    <word text="own"/>
    <word text="over"/>
    <word text="per"/>
    <word text="perhaps"/>
    <word text="please"/>
    <word text="pre"/>
    <word text="put"/>
    <word text="rather"/>
    <word text="re"/>
    <word text="same"/>
    <word text="see"/>
    <word text="seem"/>
    <word text="seemed"/>
    <word text="seeming"/>
    <word text="seems"/>
    <word text="serious"/>
    <word text="set"/>
    <word text="several"/>
    <word text="she"/>
    <word text="should"/>
    <word text="show"/>
    <word text="side"/>
    <word text="since"/>
    <word text="sincere"/>
    <word text="six"/>
    <word text="sixty"/>
    <word text="so"/>
    <word text="some"/>
    <word text="somehow"/>
    <word text="someone"/>
    <word text="something"/>
    <word text="sometime"/>
    <word text="sometimes"/>
    <word text="somewhere"/>
    <word text="still"/>
    <word text="stress"/>
    <word text="such"/>
    <word text="take"/>
    <word text="ten"/>
    <word text="than"/>
    <word text="that"/>
    <word text="the"/>
    <word text="their"/>
    <word text="them"/>
    <word text="themselves"/>
    <word text="then"/>
    <word text="thence"/>
    <word text="there"/>
    <word text="thereafter"/>
    <word text="thereby"/>
    <word text="therefore"/>
    <word text="therein"/>
    <word text="thereupon"/>
    <word text="these"/>
    <word text="they"/>
    <word text="thick"/>
    <word text="thin"/>
    <word text="third"/>
    <word text="this"/>
    <word text="those"/>
    <word text="though"/>
    <word text="three"/>
    <word text="through"/>
    <word text="throughout"/>
    <word text="thru"/>
    <word text="thus"/>
    <word text="to"/>
    <word text="together"/>
    <word text="too"/>
    <word text="toward"/>
    <word text="towards"/>
    <word text="twelve"/>
    <word text="twenty"/>
    <word text="two"/>
    <word text="un"/>
    <word text="under"/>
    <word text="until"/>
    <word text="up"/>
    <word text="upon"/>
    <word text="us"/>
    <word text="very"/>
    <word text="via"/>
    <word text="was"/>
    <word text="we"/>
    <word text="well"/>
    <word text="were"/>
    <word text="what"/>
    <word text="whatever"/>
    <word text="when"/>
    <word text="whence"/>
    <word text="whenever"/>
    <word text="where"/>
    <word text="whereafter"/>
    <word text="whereas"/>
    <word text="whereby"/>
    <word text="wherein"/>
    <word text="whereupon"/>
    <word text="wherever"/>
    <word text="whether"/>
    <word text="which"/>
    <word text="while"/>
    <word text="whither"/>
    <word text="who"/>
    <word text="whoever"/>
    <word text="whole"/>
    <word text="whom"/>
    <word text="whose"/>
    <word text="why"/>
    <word text="will"/>
    <word text="with"/>
    <word text="within"/>
    <word text="without"/>
    <word text="would"/>
    <word text="yet"/>
    <word text="you"/>
    <word text="your"/>
    <word text="yours"/>
    <word text="yourself"/>
    <word text="yourselves"/>
</words>